date,cash,shares,close,equity,position_ratio,ma5,ma17,diff,dea,macd_hist,action,reason
2024-01-03,100000.0,0,0.76,100000.0,0.0,,,,,,,
2024-01-04,100000.0,0,0.746,100000.0,0.0,,,,,,,
2024-01-05,100000.0,0,0.735,100000.0,0.0,,,,,,,
2024-01-08,100000.0,0,0.725,100000.0,0.0,,,,,,,
2024-01-09,100000.0,0,0.727,100000.0,0.0,,,,,,,
2024-01-10,100000.0,0,0.724,100000.0,0.0,,,,,,,
2024-01-11,100000.0,0,0.739,100000.0,0.0,,,,,,,
2024-01-12,100000.0,0,0.731,100000.0,0.0,,,,,,,
2024-01-15,100000.0,0,0.724,100000.0,0.0,,,,,,,
2024-01-16,100000.0,0,0.73,100000.0,0.0,,,,,,,
2024-01-17,100000.0,0,0.707,100000.0,0.0,,,,,,,
2024-01-18,100000.0,0,0.723,100000.0,0.0,,,,,,,
2024-01-19,100000.0,0,0.718,100000.0,0.0,,,,,,,
2024-01-22,100000.0,0,0.701,100000.0,0.0,,,,,,,
2024-01-23,100000.0,0,0.708,100000.0,0.0,,,,,,,
2024-01-24,100000.0,0,0.712,100000.0,0.0,0.7123999999999999,0.728235294117647,-0.014509638660900936,-0.012605191603366317,-0.003808894115069239,,
2024-01-25,50022.61128,69200,0.722,99985.01128,0.49969889846873455,0.7121999999999999,0.7254117647058824,-0.013366401625571567,-0.012757433607807369,-0.0012179360355283955,BUY_HALF,低位MACD且上穿MA5
2024-01-26,98655.617,0,0.703,98655.617,0.0,0.7091999999999999,0.7220588235294118,-0.013834048944039168,-0.01297275667505373,-0.0017225845379708754,SELL_ALL,跌破MA17清仓
2024-01-29,98655.617,0,0.675,98655.617,0.0,0.704,0.7178823529411765,-0.01627640454746504,-0.013633486249535993,-0.005285836595858094,,
2024-01-30,98655.617,0,0.66,98655.617,0.0,0.6944,0.7134705882352942,-0.019201026122257603,-0.014746994224080316,-0.008908063796354573,,
2024-01-31,98655.617,0,0.659,98655.617,0.0,0.6838,0.7095882352941176,-0.021353353269206066,-0.016068266033105467,-0.010570174472201196,,
2024-02-01,98655.617,0,0.666,98655.617,0.0,0.6726000000000001,0.7060000000000001,-0.022237901851354325,-0.01730219319675524,-0.009871417309198167,,
2024-02-02,98655.617,0,0.65,98655.617,0.0,0.662,0.7016470588235295,-0.023953854138207276,-0.01863252538504565,-0.010642657506323254,,
2024-02-05,49330.22381999999,74600,0.661,98640.82381999999,0.4999005289126752,0.6592,0.6970588235294117,-0.024147789928326113,-0.01973557829370174,-0.008824423269248746,BUY_HALF,低位MACD且上穿MA5
2024-02-06,35.439819999992324,145000,0.7,101535.43982,0.9996509610825262,0.6672,0.695235294117647,-0.020913434323110658,-0.019971149499583524,-0.001884569647054267,BUY_FULL,次日仍站上MA5
2024-02-07,35.439819999992324,145000,0.709,102840.43982,0.9996553902330442,0.6772,0.6943529411764706,-0.01742311657745066,-0.019461542915156952,0.004076852675412586,,
2024-02-08,35.439819999992324,145000,0.722,104725.43982,0.9996615930182684,0.6883999999999999,0.6938823529411764,-0.013452946074982375,-0.018259823547122037,0.009613754944279324,,
2024-02-19,35.439819999992324,145000,0.734,106465.43982,0.9996671237158282,0.7051999999999999,0.6954705882352942,-0.009231838745983323,-0.016454226586894292,0.01444477568182194,,
2024-02-20,35.439819999992324,145000,0.731,106030.43982,0.9996657580590992,0.7192000000000001,0.6959411764705882,-0.006058813474021263,-0.014375143964319687,0.016632660980596847,,
2024-02-21,35.439819999992324,145000,0.735,106610.43982,0.9996675764581796,0.7262,0.6969411764705882,-0.003184690386597744,-0.012137053248775299,0.01790472572435511,,
2024-02-22,35.439819999992324,145000,0.738,107045.43982,0.9996689273260067,0.732,0.6991176470588235,-0.0006572755416180964,-0.00984109770734386,0.01836764433145153,,
2024-02-23,35.439819999992324,145000,0.738,107045.43982,0.9996689273260067,0.7352000000000001,0.7008823529411765,0.0013303831037833058,-0.0076068015451184285,0.01787436929780347,,
2024-02-26,35.439819999992324,145000,0.734,106465.43982,0.9996671237158282,0.7352000000000001,0.7021764705882354,0.002553416138171394,-0.005574758008460464,0.016256348293263716,,
2024-02-27,35.439819999992324,145000,0.752,109075.43982,0.9996750889104047,0.7394000000000001,0.7039411764705882,0.004918431579493565,-0.0034761200908696587,0.016789103340726447,,
2024-02-28,35.439819999992324,145000,0.733,106320.43982,0.9996666697385752,0.739,0.7057058823529412,0.0051996438873157524,-0.0017409672952325766,0.013881222365096658,,
2024-02-29,35.439819999992324,145000,0.76,110235.43982,0.9996785079275969,0.7434,0.7107058823529411,0.007514557873360861,0.00011013773848611097,0.0148088402697495,,
2024-03-01,35.439819999992324,145000,0.768,111395.43982,0.9996818557379255,0.7494,0.7170588235294119,0.009880777573272437,0.002064265705443376,0.01563302373565812,,
2024-03-04,35.439819999992324,145000,0.771,111830.43982,0.9996830932610384,0.7567999999999999,0.7236470588235294,0.011861368192026323,0.004023686202759965,0.015675363978532714,,
2024-03-05,35.439819999992324,145000,0.772,111975.43982,0.9996835036320735,0.7608,0.7298823529411764,0.013357712771482566,0.005890491516504486,0.01493444250995616,,
2024-03-06,35.439819999992324,145000,0.773,112120.43982,0.9996839129416822,0.7688,0.7371176470588234,0.014457609946025518,0.007603915202408693,0.01370738948723365,,
2024-03-07,35.439819999992324,145000,0.754,109365.43982,0.9996759504642571,0.7676000000000001,0.7425882352941177,0.013638924143219988,0.008810916990570954,0.009656014305298069,,
2024-03-08,35.439819999992324,145000,0.761,110380.43982,0.9996789302519741,0.7662,0.7461764705882353,0.013400478865885468,0.009728829365633858,0.00734329900050322,,
2024-03-11,35.439819999992324,145000,0.804,116615.43982,0.999696096674208,0.7728,0.7517647058823529,0.016491150185741543,0.011081293529655395,0.010819713312172297,,
2024-03-12,35.439819999992324,145000,0.808,117195.43982,0.9996976006911666,0.78,0.7568235294117647,0.019043771303170143,0.012673789084358346,0.012739964437623593,,
2024-03-13,35.439819999992324,145000,0.805,116760.43982,0.9996964740792803,0.7864,0.761,0.02058734885895408,0.014256501039277496,0.012661695639353168,,
2024-03-14,35.439819999992324,145000,0.802,116325.43982,0.999695339041444,0.796,0.7651764705882352,0.02132277459230114,0.015669755749882226,0.01130603768483783,,
2024-03-15,35.439819999992324,145000,0.801,116180.43982,0.999694958806707,0.804,0.7690588235294118,0.02157619618290285,0.016851043836486352,0.009450304692832999,,
2024-03-18,35.439819999992324,145000,0.822,119225.43982,0.9997027495134134,0.8076000000000001,0.774,0.023204076959779885,0.01812165046114506,0.01016485299726965,,
2024-03-19,35.439819999992324,145000,0.811,117630.43982,0.9996987189705809,0.8082,0.7782941176470588,0.02333755532388837,0.019164831433693724,0.008345447780389294,,
2024-03-20,35.439819999992324,145000,0.81,117485.43982,0.9996983471308931,0.8092,0.7827647058823529,0.02309640526358736,0.01995114619967245,0.006290518127829818,,
2024-03-21,35.439819999992324,145000,0.806,116905.43982,0.9996968505481476,0.8099999999999999,0.7859411764705883,0.0223251748144786,0.020425951922633682,0.0037984457836898328,,
2024-03-22,35.439819999992324,145000,0.792,114875.43982,0.9996914934989104,0.8082,0.7894117647058824,0.020349707370709846,0.020410703012248916,-0.00012199128307813917,,
2024-03-25,112811.59682,0,0.778,112811.59682,0.0,0.7994,0.7904705882352941,0.017453261853560997,0.019819214780511334,-0.004731905853900674,SELL_ALL,跌破MA17清仓
2024-03-26,112811.59682,0,0.782,112811.59682,0.0,0.7936,0.7912941176470588,0.015304157680825381,0.018916203360574146,-0.007224091359497531,,
2024-03-27,112811.59682,0,0.762,112811.59682,0.0,0.784,0.790764705882353,0.011850538654541776,0.01750307041936767,-0.011305063529651792,,
2024-03-28,112811.59682,0,0.768,112811.59682,0.0,0.7764,0.7905294117647059,0.009488295387173773,0.015900115412928892,-0.012823640051510238,,
2024-03-29,112811.59682,0,0.771,112811.59682,0.0,0.7722,0.7904117647058824,0.007768722509467474,0.01427383683223661,-0.01301022864553827,,
2024-04-01,112811.59682,0,0.796,112811.59682,0.0,0.7758,0.7928823529411764,0.008327248345914473,0.013084519134972182,-0.009514541578115418,,
2024-04-02,112811.59682,0,0.792,112811.59682,0.0,0.7778,0.7947058823529413,0.008350854077080472,0.012137786123393841,-0.007573864092626739,,
2024-04-03,112811.59682,0,0.782,112811.59682,0.0,0.7818,0.7934117647058824,0.007476461369850695,0.011205521172685213,-0.007458119605669035,,
2024-04-08,112811.59682,0,0.768,112811.59682,0.0,0.7817999999999999,0.7910588235294118,0.005589384902706551,0.010082293918689481,-0.00898581803196586,,
2024-04-09,112811.59682,0,0.777,112811.59682,0.0,0.783,0.7894117647058825,0.004765158213032916,0.009018866777558168,-0.008507417129050503,,
2024-04-10,112811.59682,0,0.761,112811.59682,0.0,0.776,0.787,0.0027887394879262395,0.007772841319631783,-0.009968203663411087,,
2024-04-11,112811.59682,0,0.758,112811.59682,0.0,0.7692,0.7844705882352943,0.000969166532495902,0.0064121063622046065,-0.010885879659417409,,
2024-04-12,112811.59682,0,0.749,112811.59682,0.0,0.7626000000000001,0.7801764705882352,-0.0011854181651488327,0.004892601456733919,-0.012156039243765503,,
2024-04-15,112811.59682,0,0.766,112811.59682,0.0,0.7622,0.7775294117647059,-0.0015038487041565407,0.0036133114245558273,-0.010234320257424736,,
2024-04-16,112811.59682,0,0.752,112811.59682,0.0,0.7572,0.7741176470588236,-0.0028530025600269626,0.0023200486276392695,-0.010346102375332464,,
2024-04-17,112811.59682,0,0.767,112811.59682,0.0,0.7584,0.7718235294117647,-0.002680937888016266,0.0013198513245081625,-0.008001578425048856,,
2024-04-18,112811.59682,0,0.761,112811.59682,0.0,0.759,0.7700000000000001,-0.002994209864212838,0.00045703908676396246,-0.006902497901953601,,
2024-04-19,112811.59682,0,0.745,112811.59682,0.0,0.7582,0.7680588235294118,-0.0044818820978230756,-0.0005307451501534452,-0.00790227389533926,,
2024-04-22,112811.59682,0,0.743,112811.59682,0.0,0.7535999999999999,0.765764705882353,-0.0057559058466877255,-0.0015757772894603012,-0.008360257114454848,,
2024-04-23,112811.59682,0,0.743,112811.59682,0.0,0.7518,0.7646470588235295,-0.006688478232873107,-0.0025983174781428627,-0.008180321509460488,,
2024-04-24,56469.89938,75200,0.749,112794.69938,0.49935679876449174,0.7482,0.7635294117647059,-0.006864271660991239,-0.003451508314712538,-0.006825526692557402,BUY_HALF,低位MACD且上穿MA5
2024-04-25,112777.80194,0,0.749,112777.80194,0.0,0.7458,0.7622352941176471,-0.0069237762367420075,-0.004145961899118433,-0.00555562867524715,SELL_ALL,跌破MA17清仓
2024-04-26,112777.80194,0,0.778,112777.80194,0.0,0.7524,0.7611764705882353,-0.004578102884560953,-0.004232390096206937,-0.000691425576708031,,
2024-04-29,112777.80194,0,0.807,112777.80194,0.0,0.7652,0.7620588235294118,-0.00037476219114784826,-0.0034608645151951193,0.006172204648094542,,
2024-04-30,112777.80194,0,0.798,112777.80194,0.0,0.7762,0.7630000000000001,0.002204775528091951,-0.0023277365065377054,0.009065024069259313,,
2024-05-06,112777.80194,0,0.815,112777.80194,0.0,0.7894,0.765764705882353,0.0055567805727602115,-0.0007508330906781221,0.012615227326876668,,
2024-05-07,112777.80194,0,0.81,112777.80194,0.0,0.8016,0.7677058823529412,0.007720809817753915,0.0009434954910082853,0.01355462865349126,,
2024-05-08,112777.80194,0,0.796,112777.80194,0.0,0.8051999999999999,0.7697647058823529,0.0082114787724612,0.0023970921472988684,0.011628773250324664,,
2024-05-09,112777.80194,0,0.809,112777.80194,0.0,0.8056000000000001,0.7727647058823529,0.009539364947545592,0.003825546707348213,0.011427636480394758,,
2024-05-10,112777.80194,0,0.8,112777.80194,0.0,0.806,0.775764705882353,0.009753072179334854,0.005011051801745541,0.009484040755178625,,
2024-05-13,112777.80194,0,0.788,112777.80194,0.0,0.8006,0.7770588235294118,0.008852095541228566,0.0057792605496421465,0.0061456699831728395,,
2024-05-14,112777.80194,0,0.787,112777.80194,0.0,0.796,0.7791176470588235,0.007965551502356338,0.006216518740184985,0.0034980655243427063,,
2024-05-15,112777.80194,0,0.782,112777.80194,0.0,0.7932,0.78,0.006781329802358349,0.006329480952619659,0.0009036976994773807,,
2024-05-16,112777.80194,0,0.786,112777.80194,0.0,0.7886,0.7814705882352941,0.006095328985524007,0.006282650559200529,-0.00037464314735304385,,
2024-05-17,112777.80194,0,0.793,112777.80194,0.0,0.7872,0.7842941176470588,0.0060468060779127475,0.006235481662942972,-0.0003773511700604498,,
2024-05-20,112777.80194,0,0.797,112777.80194,0.0,0.7889999999999999,0.7874705882352941,0.006258968402970577,0.006240179010948494,3.7578784044166313e-05,,
2024-05-21,112777.80194,0,0.789,112777.80194,0.0,0.7894,0.7901764705882353,0.005715688533395102,0.006135280915437817,-0.0008391847640854284,,
2024-05-22,112777.80194,0,0.801,112777.80194,0.0,0.7932,0.7932352941176471,0.0061821708175351375,0.0061446588958572815,7.50238433557121e-05,,
2024-05-23,112777.80194,0,0.791,112777.80194,0.0,0.7942,0.7957058823529413,0.005679475503769682,0.006051622217439762,-0.0007442934273401598,,
2024-05-24,112777.80194,0,0.775,112777.80194,0.0,0.7906,0.7955294117647059,0.003944549255050167,0.0056302076249618435,-0.003371316739823353,,
2024-05-27,112777.80194,0,0.779,112777.80194,0.0,0.7870000000000001,0.7938823529411765,0.0028594127438875683,0.005076048648746989,-0.004433271809718841,,
2024-05-28,112777.80194,0,0.767,112777.80194,0.0,0.7826000000000001,0.7920588235294117,0.0010193837081461377,0.0042647156606268185,-0.006490663904961362,,
2024-05-29,112777.80194,0,0.771,112777.80194,0.0,0.7766,0.789470588235294,-0.00011476307151614407,0.003388819914198226,-0.0070071659714287405,,
2024-05-30,112777.80194,0,0.773,112777.80194,0.0,0.773,0.7872941176470588,-0.0008424876074736298,0.002542558409863855,-0.00677009203467497,,
2024-05-31,112777.80194,0,0.771,112777.80194,0.0,0.7722,0.7858235294117647,-0.001562585319605958,0.0017215296639698924,-0.006568229967151701,,
2024-06-03,112777.80194,0,0.777,112777.80194,0.0,0.7718,0.7839411764705884,-0.0016303247200559756,0.0010511587871647188,-0.005362967014441389,,
2024-06-04,112777.80194,0,0.787,112777.80194,0.0,0.7758,0.7831764705882353,-0.000867096903085951,0.0006675076491145849,-0.003069209104401072,,
2024-06-05,112777.80194,0,0.784,112777.80194,0.0,0.7784000000000001,0.7829411764705883,-0.0004985611843421056,0.00043429388242324687,-0.001865710133530705,,
2024-06-06,112777.80194,0,0.779,112777.80194,0.0,0.7796000000000001,0.7824705882352943,-0.0006030011632824905,0.0002268348732820994,-0.0016596720731291799,,
2024-06-07,112777.80194,0,0.76,112777.80194,0.0,0.7774,0.7811764705882354,-0.0021936250651499734,-0.0002572571144043151,-0.0038727359014913165,,
2024-06-11,112777.80194,0,0.761,112777.80194,0.0,0.7742,0.7797058823529411,-0.003335069716867811,-0.0008728196348970143,-0.004924500163941594,,
2024-06-12,112777.80194,0,0.756,112777.80194,0.0,0.768,0.7775294117647059,-0.004590217866027202,-0.001616299281123052,-0.0059478371698083,,
2024-06-13,112777.80194,0,0.759,112777.80194,0.0,0.7630000000000001,0.7752941176470588,-0.005281969631140249,-0.0023494333511264913,-0.005865072560027515,,
2024-06-14,56463.1126,73400,0.767,112760.91260000001,0.49926697737634307,0.7605999999999999,0.774,-0.005125570362996434,-0.00290466075350048,-0.0044418192189919084,BUY_HALF,低位MACD且上穿MA5
2024-06-17,26.186600000000908,146200,0.775,113331.1866,0.9997689373879722,0.7636000000000001,0.7724705882352941,-0.004306447627408061,-0.0031850181282819965,-0.002242858998252129,BUY_FULL,次日仍站上MA5
2024-06-18,26.186600000000908,146200,0.779,113915.9866,0.999770123572805,0.7672000000000001,0.7717647058823529,-0.0032965201550535506,-0.0032073185336363077,-0.00017840324283448575,,
2024-06-19,112566.41440000001,0,0.77,112566.41440000001,0.0,0.7699999999999999,0.7714705882352941,-0.003185647974091377,-0.0032029844217273218,3.467289527188996e-05,SELL_ALL,跌破MA17清仓
2024-06-20,112566.41440000001,0,0.758,112566.41440000001,0.0,0.7698,0.770235294117647,-0.004019743581894941,-0.003366336253760846,-0.0013068146562681907,,
2024-06-21,112566.41440000001,0,0.755,112566.41440000001,0.0,0.7674000000000001,0.7695294117647059,-0.004866744487360575,-0.003666417900480792,-0.0024006531737595658,,
2024-06-24,112566.41440000001,0,0.744,112566.41440000001,0.0,0.7612,0.7679411764705882,-0.006352380587228312,-0.004203610437830296,-0.004297540298796032,,
2024-06-25,112566.41440000001,0,0.73,112566.41440000001,0.0,0.7514000000000001,0.7654117647058823,-0.008560757809777386,-0.005075039912219715,-0.006971435795115343,,
2024-06-26,112566.41440000001,0,0.742,112566.41440000001,0.0,0.7458,0.7637058823529412,-0.009236144433600435,-0.005907260816495859,-0.006657767234209152,,
2024-06-27,112566.41440000001,0,0.731,112566.41440000001,0.0,0.7404,0.761,-0.010537531168121617,-0.006833314886821011,-0.007408432562601212,,
2024-06-28,112566.41440000001,0,0.723,112566.41440000001,0.0,0.734,0.7572352941176471,-0.012075226972454556,-0.007881697303947721,-0.00838705933701367,,
2024-07-01,112566.41440000001,0,0.722,112566.41440000001,0.0,0.7296,0.7535882352941177,-0.01322213705308617,-0.008949785253775412,-0.008544703598621514,,
2024-07-02,112566.41440000001,0,0.715,112566.41440000001,0.0,0.7266,0.7498235294117647,-0.014528438260953291,-0.010065515855210988,-0.008925844811484607,,
2024-07-03,112566.41440000001,0,0.714,112566.41440000001,0.0,0.721,0.7471176470588236,-0.015466099455026416,-0.011145632575174074,-0.008640933759704685,,
2024-07-04,112566.41440000001,0,0.709,112566.41440000001,0.0,0.7165999999999999,0.7440588235294118,-0.01642334284690672,-0.012201174629520603,-0.008444336434772232,,
2024-07-05,112566.41440000001,0,0.712,112566.41440000001,0.0,0.7143999999999999,0.7414705882352941,-0.01674684302177698,-0.013110308307971878,-0.007273069427610204,,
2024-07-08,112566.41440000001,0,0.7,112566.41440000001,0.0,0.71,0.738,-0.017766715318079496,-0.014041589709993403,-0.007450251216172186,,
2024-07-09,56293.837690000015,78900,0.713,112549.53769000001,0.4998305737598627,0.7096,0.7348235294117648,-0.01732625383719888,-0.0146985225354345,-0.005255462603528761,BUY_HALF,低位MACD且上穿MA5
2024-07-10,112532.66098000002,0,0.713,112532.66098000002,0.0,0.7093999999999999,0.7311764705882353,-0.016783712747196033,-0.015115560577786806,-0.003336304338818454,SELL_ALL,跌破MA17清仓
2024-07-11,112532.66098000002,0,0.727,112532.66098000002,0.0,0.7129999999999999,0.7281176470588235,-0.015050568443094825,-0.015102562150848412,0.00010398741550717364,,
2024-07-12,112532.66098000002,0,0.727,112532.66098000002,0.0,0.716,0.7255882352941176,-0.013521175402068542,-0.014786284801092437,0.002530218798047792,,
2024-07-15,112532.66098000002,0,0.72,112532.66098000002,0.0,0.72,0.7233529411764706,-0.012727250080443175,-0.014374477856962586,0.0032944555530388213,,
2024-07-16,56294.69465000002,76700,0.733,112515.79465000003,0.4996729585822641,0.724,0.7220588235294116,-0.010923151893067806,-0.01368421266418363,0.005522121542231646,BUY_HALF,低位MACD且上穿MA5
2024-07-17,63.93048000001727,153600,0.731,112345.53048000002,0.9994309477223804,0.7276,0.7212941176470588,-0.009544748448337081,-0.01285631982101432,0.006623142745354478,BUY_FULL,次日仍站上MA5
2024-07-18,63.93048000001727,153600,0.743,114188.73048000003,0.9994401331923799,0.7308,0.7220588235294116,-0.0073987657101766136,-0.01176480899884678,0.008732086577340332,,
2024-07-19,63.93048000001727,153600,0.745,114495.93048000001,0.9994416353513003,0.7343999999999999,0.7222352941176471,-0.0054735796251772495,-0.010506563124112875,0.01006596699787125,,
2024-07-22,63.93048000001727,153600,0.744,114342.33048,0.9994408852807911,0.7392000000000001,0.723,-0.003982638052882126,-0.009201778109866724,0.010438280113969196,,
2024-07-23,63.93048000001727,153600,0.723,111116.73048000003,0.9994246547776932,0.7372,0.7229999999999999,-0.004444348922988506,-0.008250292272491081,0.007611886699005151,,
2024-07-24,109701.42936000001,0,0.714,109701.42936000001,0.0,0.7338,0.7225294117647059,-0.005473389075658863,-0.007694911633124637,0.004443045114931548,SELL_ALL,跌破MA17清仓
2024-07-25,109701.42936000001,0,0.712,109701.42936000001,0.0,0.7276,0.7223529411764705,-0.006376786470763451,-0.007431286600652401,0.0021090002597778986,,
2024-07-26,109701.42936000001,0,0.719,109701.42936000001,0.0,0.7224,0.7226470588235293,-0.006453501962987773,-0.007235729673119476,0.001564455420263405,,
2024-07-29,109701.42936000001,0,0.707,109701.42936000001,0.0,0.715,0.7225294117647059,-0.007397327468713577,-0.007268049232238296,-0.00025855647295056246,,
2024-07-30,109701.42936000001,0,0.705,109701.42936000001,0.0,0.7114,0.7221176470588235,-0.008212036027686942,-0.007456846591328025,-0.0015103788727178335,,
2024-07-31,54864.183120000016,75200,0.729,109684.98312000002,0.4998022376501961,0.7144,0.7238235294117646,-0.0068422260835473425,-0.0073339224897718885,0.000983392812449092,BUY_HALF,低位MACD且上穿MA5
2024-08-01,108841.58504000002,0,0.718,108841.58504000002,0.0,0.7156,0.7241176470588234,-0.006568531955420287,-0.0071808443829015686,0.001224624854962563,SELL_ALL,跌破MA17清仓
2024-08-02,108841.58504000002,0,0.704,108841.58504000002,0.0,0.7125999999999999,0.7235882352941176,-0.00739605328574322,-0.0072238861634699,-0.0003443342445466416,,
2024-08-05,108841.58504000002,0,0.689,108841.58504000002,0.0,0.709,0.7213529411764705,-0.009156691897412306,-0.007610447310258381,-0.0030924891743078498,,
2024-08-06,108841.58504000002,0,0.699,108841.58504000002,0.0,0.7078,0.7197058823529412,-0.009634039050174015,-0.008015165658241508,-0.0032377467838650142,,
2024-08-07,108841.58504000002,0,0.695,108841.58504000002,0.0,0.7009999999999998,0.718235294117647,-0.010217327684956867,-0.00845559806358458,-0.003523459242744574,,
2024-08-08,108841.58504000002,0,0.691,108841.58504000002,0.0,0.6956,0.7157647058823529,-0.010876971741439645,-0.008939872799155594,-0.003874197884568102,,
2024-08-09,108841.58504000002,0,0.685,108841.58504000002,0.0,0.6918,0.7130588235294117,-0.011748465270120523,-0.00950159129334858,-0.0044937479535438855,,
2024-08-12,108841.58504000002,0,0.682,108841.58504000002,0.0,0.6904,0.7094705882352941,-0.01253668994051027,-0.01010861102278092,-0.004856157835458702,,
2024-08-13,54453.273440000026,78800,0.69,108825.27344000002,0.49962658747627753,0.6886,0.706235294117647,-0.012373199982091743,-0.010561528814643086,-0.003623342334897313,BUY_HALF,低位MACD且上穿MA5
2024-08-14,108099.97460000003,0,0.681,108099.97460000003,0.0,0.6858000000000001,0.7025294117647058,-0.012822053148776935,-0.011013633681469858,-0.003616838934614154,SELL_ALL,跌破MA17清仓
2024-08-15,54105.78120000003,78800,0.685,108083.78120000003,0.4994088789336322,0.6846000000000001,0.7002941176470587,-0.012708510152319219,-0.011352608975639732,-0.0027118023533589733,BUY_HALF,低位MACD且上穿MA5
2024-08-16,108067.58780000004,0,0.685,108067.58780000004,0.0,0.6846000000000001,0.6985882352941176,-0.012474725637689255,-0.011577032308049639,-0.0017953866592792314,SELL_ALL,跌破MA17清仓
2024-08-19,108067.58780000004,0,0.686,108067.58780000004,0.0,0.6854,0.6970588235294117,-0.012069626936623723,-0.011675551233764455,-0.000788151405718536,,
2024-08-20,108067.58780000004,0,0.677,108067.58780000004,0.0,0.6828000000000001,0.6945882352941176,-0.01233264502625464,-0.011806969992262493,-0.0010513500679842948,,
2024-08-21,108067.58780000004,0,0.675,108067.58780000004,0.0,0.6816000000000001,0.6927058823529412,-0.01255771452637866,-0.011957118899085729,-0.0012011912545858636,,
2024-08-22,108067.58780000004,0,0.67,108067.58780000004,0.0,0.6786000000000001,0.6906470588235294,-0.012989803570334635,-0.01216365583333551,-0.0016522954739982484,,
2024-08-23,108067.58780000004,0,0.67,108067.58780000004,0.0,0.6756,0.6871764705882353,-0.013180302923059939,-0.012366985251280398,-0.0016266353435590818,,
2024-08-26,108067.58780000004,0,0.67,108067.58780000004,0.0,0.6724,0.6843529411764706,-0.013179351670373873,-0.012529458535099094,-0.0012997862705495591,,
2024-08-27,108067.58780000004,0,0.664,108067.58780000004,0.0,0.6698000000000001,0.682,-0.01350704682373527,-0.01272497619282633,-0.001564141261817878,,
2024-08-28,108067.58780000004,0,0.664,108067.58780000004,0.0,0.6676000000000001,0.6805294117647059,-0.013609861581226679,-0.0129019532705064,-0.001415816621440559,,
2024-08-29,108067.58780000004,0,0.667,108067.58780000004,0.0,0.667,0.6786470588235295,-0.013296000076911008,-0.012980762631787322,-0.0006304748902473713,,
2024-08-30,54073.394400000034,78800,0.685,108051.39440000005,0.499558569324673,0.67,0.6780588235294118,-0.011462678384619118,-0.012677145782353683,0.0024289347954691287,BUY_HALF,低位MACD且上穿MA5
2024-09-02,106538.45016000004,0,0.666,106538.45016000004,0.0,0.6692,0.6765882352941177,-0.011411355937557155,-0.012423987813394377,0.0020252637516744443,SELL_ALL,跌破MA17清仓
2024-09-03,53288.179870000036,79100,0.673,106522.47987000004,0.4997470962464177,0.671,0.6758823529411765,-0.010682697542422459,-0.012075729759199995,0.0027860644335550716,BUY_HALF,低位MACD且上穿MA5
2024-09-04,106585.58585000003,0,0.674,106585.58585000003,0.0,0.673,0.6754117647058824,-0.00991029911270247,-0.01164264362990049,0.0034646890343960415,SELL_ALL,跌破MA17清仓
2024-09-05,106585.58585000003,0,0.677,106585.58585000003,0.0,0.675,0.6746470588235295,-0.00895288952687967,-0.011104692809296327,0.0043036065648333136,,
2024-09-06,106585.58585000003,0,0.667,106585.58585000003,0.0,0.6714,0.6738235294117647,-0.008898475868165168,-0.010663449421070097,0.0035299471058098594,,
2024-09-09,106585.58585000003,0,0.669,106585.58585000003,0.0,0.6719999999999999,0.6728823529411766,-0.008594892792327169,-0.010249738095321512,0.003309690605988687,,
2024-09-10,106585.58585000003,0,0.668,106585.58585000003,0.0,0.671,0.6718823529411765,-0.008338867387698179,-0.009867563953796846,0.003057393132197335,,
2024-09-11,53357.42219000003,78600,0.677,106569.62219000002,0.49931865109861656,0.6716,0.6713529411764706,-0.007325299137488028,-0.009359110990535083,0.00406762370609411,BUY_HALF,低位MACD且上穿MA5
2024-09-12,61.53822000002401,157300,0.677,106553.63822000002,0.9994224672096793,0.6716,0.6713529411764707,-0.0064477137660985395,-0.008776831545647774,0.004658235559098469,BUY_FULL,次日仍站上MA5
2024-09-13,61.53822000002401,157300,0.672,105767.13822000002,0.9994181725908853,0.6726000000000001,0.6711764705882353,-0.006085529058985961,-0.00823857104831541,0.004306083978658899,,
2024-09-18,105578.17373000004,0,0.671,105578.17373000004,0.0,0.673,0.6712352941176472,-0.005812187433083094,-0.007753294325268948,0.003882213784371709,SELL_ALL,跌破MA17清仓
2024-09-19,52834.35533000004,78000,0.676,105562.35533000005,0.49949624404614895,0.6746000000000001,0.6715882352941177,-0.005132934735488814,-0.007229222407312922,0.0041925753436482145,BUY_HALF,低位MACD且上穿MA5
2024-09-20,52834.35533000004,78000,0.672,105250.35533000005,0.4980125704626443,0.6736000000000001,0.6717058823529412,-0.004861350032410727,-0.006755647932332483,0.0037885957998435114,,
2024-09-23,105078.67733000003,0,0.67,105078.67733000003,0.0,0.6722,0.6720588235294118,-0.004752714153561377,-0.006355061176578262,0.00320469404603377,SELL_ALL,跌破MA17清仓
2024-09-24,52591.135790000044,73800,0.711,105062.93579000005,0.49943207474118856,0.6799999999999999,0.6748235294117647,-0.0013427833179550097,-0.005352605604853612,0.008019644573797205,BUY_HALF,低位MACD且上穿MA5
2024-09-25,13.767310000046564,146600,0.722,105858.96731000004,0.9998699466814207,0.6902,0.6780588235294118,0.0022216101665565313,-0.0038377624505715833,0.01211874523425623,BUY_FULL,次日仍站上MA5
2024-09-26,13.767310000046564,146600,0.754,110550.16731000005,0.9998754654982887,0.7058,0.6821176470588235,0.00754161520238128,-0.0015618869199810106,0.01820700424472458,,
2024-09-27,13.767310000046564,146600,0.841,123304.36731000003,0.9998883469393632,0.7396,0.6924117647058824,0.018563936923299384,0.0024632778486750684,0.032201318149248634,,
2024-09-30,13.767310000046564,146600,1.009,147933.16731000005,0.9999069356098406,0.8074,0.7121764705882354,0.04038981363429439,0.010048585005798933,0.06068245725699092,,
2024-10-08,13.767310000046564,146600,1.211,177546.36731000006,0.9999224579460079,0.9074,0.743764705882353,0.07314353682798802,0.022667575370236753,0.10095192291550253,,
2024-10-09,13.767310000046564,146600,1.023,149985.56731000004,0.9999082091014024,0.9676,0.7641176470588236,0.08297459019252884,0.03472897833469517,0.09649122371566735,,
2024-10-10,13.767310000046564,146600,0.989,145001.16731000005,0.9999050537988387,1.0146,0.7830588235294118,0.0870191523420405,0.04518701313616423,0.08366427841175253,,
2024-10-11,13.767310000046564,146600,0.936,137231.36731000006,0.9998996781109893,1.0336,0.7987647058823529,0.08496837736126428,0.05314328598118424,0.06365018276016007,,
2024-10-14,13.767310000046564,146600,0.963,141189.56731000004,0.9999024905999618,1.0244,0.8161176470588236,0.0845471903836047,0.05942406686166834,0.05024624704387272,,
2024-10-15,13.767310000046564,146600,0.93,136351.76731000005,0.9998990309383468,0.9681999999999998,0.831,0.08062122120870208,0.06366349773107509,0.033915446955253975,,
2024-10-16,13.767310000046564,146600,0.906,132833.36731000006,0.9998963565384297,0.9448000000000001,0.8444705882352941,0.07471202916330877,0.06587320401752182,0.017677650291573893,,
2024-10-17,13.767310000046564,146600,0.904,132540.16731000005,0.999896127262554,0.9278000000000001,0.8581176470588235,0.06907135700052702,0.06651283461412287,0.005117044772808305,,
2024-10-18,13.767310000046564,146600,0.984,144268.16731000005,0.999904571394669,0.9374,0.8765294117647059,0.07024665536871189,0.06725959876504067,0.005974113207342424,,
2024-10-21,13.767310000046564,146600,0.987,144707.96731000007,0.9999048614236246,0.9422,0.8948235294117647,0.07060625773274609,0.06792893055858176,0.005354654348328658,,
2024-10-22,13.767310000046564,146600,0.991,145294.36731000006,0.9999052453976369,0.9544,0.9135882352941177,0.0704024560779839,0.06842363566246219,0.003957640831043413,,
2024-10-23,13.767310000046564,146600,0.983,144121.56731000004,0.9999044743249951,0.9698,0.932,0.0688022985868969,0.06849936824734915,0.0006058606790955157,,
2024-10-24,13.767310000046564,146600,0.969,142069.16731000005,0.9999030943148276,0.9827999999999999,0.9471764705882353,0.06564773304730553,0.06792904120734043,-0.0045626163200697956,,
2024-10-25,13.767310000046564,146600,1.001,146760.36731000003,0.9999061919082625,0.9862,0.9635882352941176,0.06498079157842562,0.06733939128155747,-0.004717199406263695,,
2024-10-28,13.767310000046564,146600,0.994,145734.16731000005,0.999905531350306,0.9875999999999999,0.9777058823529411,0.06315933268880836,0.06650337956300766,-0.006688093748398599,,
2024-10-29,142026.55069000006,0,0.969,142026.55069000006,0.0,0.9832000000000001,0.985235294117647,0.05901819728880853,0.06500634310816783,-0.011976291638718606,SELL_ALL,跌破MA17清仓
2024-10-30,142026.55069000006,0,0.958,142026.55069000006,0.0,0.9782,0.9822352941176471,0.054223653060446075,0.06284980509862348,-0.017252304076354807,,
2024-10-31,142026.55069000006,0,0.965,142026.55069000006,0.0,0.9773999999999999,0.9677647058823529,0.05040771495491503,0.0603613870698818,-0.019907344229933538,,
2024-11-01,142026.55069000006,0,0.948,142026.55069000006,0.0,0.9667999999999999,0.9633529411764705,0.04548744760779044,0.057386599177463526,-0.023798303139346166,,
2024-11-04,142026.55069000006,0,0.976,142026.55069000006,0.0,0.9632,0.9625882352941175,0.04334778005539608,0.05457883535305004,-0.02246211059530792,,
2024-11-05,142026.55069000006,0,1.028,142026.55069000006,0.0,0.975,0.968,0.04532555869605115,0.052728180021650264,-0.01480524265119823,,
2024-11-06,142026.55069000006,0,1.011,142026.55069000006,0.0,0.9856,0.9708235294117648,0.04500244442652401,0.05118303290262502,-0.012361176952202013,,
2024-11-07,142026.55069000006,0,1.053,142026.55069000006,0.0,1.0032,0.9780588235294116,0.04758687120194838,0.0504638005624897,-0.005753858721082639,,
2024-11-08,142026.55069000006,0,1.037,142026.55069000006,0.0,1.021,0.9857647058823529,0.047793053191788504,0.049929651088349465,-0.004273195793121923,,
2024-11-11,142026.55069000006,0,1.066,142026.55069000006,0.0,1.039,0.9952941176470587,0.04972333192238354,0.04988838725515628,-0.0003301106655454744,,
2024-11-12,142026.55069000006,0,1.068,142026.55069000006,0.0,1.047,1.000235294117647,0.050828555065472236,0.050076420817219476,0.0015042684965055203,,
2024-11-13,142026.55069000006,0,1.087,142026.55069000006,0.0,1.0622,1.0061176470588238,0.05263089735631965,0.050587316125039514,0.004087162462560273,,
2024-11-14,142026.55069000006,0,1.048,142026.55069000006,0.0,1.0612,1.009470588235294,0.05033209547756701,0.050536271995545015,-0.00040835303595601613,,
2024-11-15,142026.55069000006,0,1.005,142026.55069000006,0.0,1.0548,1.010764705882353,0.04452725531070878,0.049334468658577775,-0.00961442669573799,,
2024-11-18,142026.55069000006,0,0.983,142026.55069000006,0.0,1.0382,1.0115882352941177,0.037716884749087964,0.04701095187667982,-0.018588134255183714,,
2024-11-19,142026.55069000006,0,1.015,142026.55069000006,0.0,1.0276,1.0124117647058823,0.03450400884184568,0.044509563269713,-0.020011108855734636,,
2024-11-20,142026.55069000006,0,1.016,142026.55069000006,0.0,1.0134,1.013705882352941,0.03167336237501095,0.04194232309077259,-0.020537921431523276,,
2024-11-21,142026.55069000006,0,1.014,142026.55069000006,0.0,1.0066,1.0163529411764707,0.02893512525854469,0.039340883524327006,-0.020811516531564628,,
2024-11-22,142026.55069000006,0,0.974,142026.55069000006,0.0,1.0004,1.017294117647059,0.02326915458030432,0.03612653773552247,-0.0257147663104363,,
2024-11-25,142026.55069000006,0,0.972,142026.55069000006,0.0,0.9982,1.017705882352941,0.018405284053702342,0.032582286999158445,-0.028354005890912207,,
2024-11-26,142026.55069000006,0,0.96,142026.55069000006,0.0,0.9872,1.0184117647058823,0.013427547498060188,0.028751339098938795,-0.030647583201757214,,
2024-11-27,142026.55069000006,0,0.988,142026.55069000006,0.0,0.9815999999999999,1.0191176470588235,0.01160820919950234,0.025322713119051505,-0.02742900783909833,,
2024-11-28,142026.55069000006,0,0.967,142026.55069000006,0.0,0.9722,1.0155294117647058,0.008375300741093827,0.02193323064345997,-0.027115859804732287,,
2024-11-29,142026.55069000006,0,0.993,142026.55069000006,0.0,0.976,1.014470588235294,0.007821024305120106,0.019110789375792,-0.02257953014134379,,
2024-12-02,142026.55069000006,0,1.009,142026.55069000006,0.0,0.9833999999999999,1.0118823529411767,0.008573986934427125,0.017003428887519025,-0.0168588839061838,,
2024-12-03,142026.55069000006,0,1.003,142026.55069000006,0.0,0.992,1.0098823529411765,0.008587573188904907,0.0153202577477962,-0.013465369117782587,,
2024-12-04,142026.55069000006,0,0.99,142026.55069000006,0.0,0.9924,1.0054117647058822,0.007463316571314493,0.013748869512499859,-0.012571105882370731,,
2024-12-05,142026.55069000006,0,0.993,142026.55069000006,0.0,0.9975999999999999,1.0010000000000001,0.006736752935637469,0.012346446197127381,-0.011219386522979824,,
2024-12-06,142026.55069000006,0,1.016,142026.55069000006,0.0,1.0021999999999998,0.9968235294117646,0.007925493643461734,0.011462255686394252,-0.007073524085865035,,
2024-12-09,142026.55069000006,0,1.008,142026.55069000006,0.0,1.002,0.994470588235294,0.00812834754681746,0.010795474058478893,-0.005334253023322865,,
2024-12-10,142026.55069000006,0,1.014,142026.55069000006,0.0,1.0042,0.995,0.00867328040503823,0.01037103532779076,-0.0033955098455050597,,
2024-12-11,142026.55069000006,0,1.013,142026.55069000006,0.0,1.0088,0.996764705882353,0.008921609220965854,0.010081150106425778,-0.0023190817709198494,,
2024-12-12,142026.55069000006,0,1.028,142026.55069000006,0.0,1.0158,0.9975294117647058,0.01021107927081244,0.01010713593930311,0.0002078866630186582,,
2024-12-13,142026.55069000006,0,1.0,142026.55069000006,0.0,1.0126000000000002,0.9965882352941177,0.00887136401903077,0.009859981555248643,-0.0019772350724357457,,
2024-12-16,142026.55069000006,0,0.984,142026.55069000006,0.0,1.0078,0.9948235294117647,0.006444278120694258,0.009176840868337767,-0.0054651254952870175,,
2024-12-17,142026.55069000006,0,0.988,142026.55069000006,0.0,1.0026,0.9956470588235293,0.004788364347117824,0.008299145564093778,-0.007021562433951908,,
2024-12-18,142026.55069000006,0,0.987,142026.55069000006,0.0,0.9974000000000001,0.9965294117647058,0.00335665567155663,0.0073106475855863485,-0.007907983828059437,,
2024-12-19,142026.55069000006,0,0.992,142026.55069000006,0.0,0.9902,0.9984117647058823,0.0025955545078371056,0.0063676289700365,-0.007544148924398789,,
2024-12-20,142026.55069000006,0,0.99,142026.55069000006,0.0,0.9882,0.998529411764706,0.001810127048993082,0.005456128585827817,-0.00729200307366947,,
2024-12-23,142026.55069000006,0,0.983,142026.55069000006,0.0,0.9879999999999999,0.9994705882352941,0.0006157308684288099,0.004488049042348016,-0.007744636347838412,,
2024-12-24,142026.55069000006,0,0.994,142026.55069000006,0.0,0.9892,0.9995294117647058,0.000550426386580205,0.0037005245111944537,-0.006300196249228497,,
2024-12-25,142026.55069000006,0,0.988,142026.55069000006,0.0,0.9894000000000001,0.9982941176470588,1.4356762492839792e-05,0.002963290961454131,-0.005897868397922583,,
2024-12-26,142026.55069000006,0,0.991,142026.55069000006,0.0,0.9892,0.9975882352941177,-0.00016648817674935756,0.0023373351338134337,-0.0050076466211255825,,
2024-12-27,142026.55069000006,0,0.989,142026.55069000006,0.0,0.9890000000000001,0.9975294117647058,-0.00046582266559436203,0.0017767035739318746,-0.004485052479052473,,
2024-12-30,142026.55069000006,0,0.991,142026.55069000006,0.0,0.9906,0.9974117647058823,-0.0005354913088136959,0.0013142645973827605,-0.003699511812392913,,
2024-12-31,142026.55069000006,0,0.961,142026.55069000006,0.0,0.984,0.9941764705882353,-0.0029771349317484486,0.00045598469155651875,-0.006866239246609934,,
2025-01-02,142026.55069000006,0,0.922,142026.55069000006,0.0,0.9708,0.9891176470588237,-0.007967287229697306,-0.0012286696926942463,-0.01347723507400612,,
2025-01-03,142026.55069000006,0,0.905,142026.55069000006,0.0,0.9536,0.9827058823529411,-0.013142280771056614,-0.0036113919083667198,-0.019061777725379786,,
2025-01-06,142026.55069000006,0,0.903,142026.55069000006,0.0,0.9364000000000001,0.9762352941176471,-0.0172065374684629,-0.006330421020385956,-0.02175223289615389,,
2025-01-07,142026.55069000006,0,0.907,142026.55069000006,0.0,0.9196,0.9691176470588234,-0.019875609952545226,-0.00903945880681781,-0.02167230229145483,,
2025-01-08,142026.55069000006,0,0.896,142026.55069000006,0.0,0.9066000000000001,0.963,-0.022617753808136354,-0.01175511780708152,-0.021725272002109667,,
2025-01-09,142026.55069000006,0,0.899,142026.55069000006,0.0,0.9019999999999999,0.9579999999999999,-0.024269088694332752,-0.014257911984531768,-0.020022353419601967,,
2025-01-10,142026.55069000006,0,0.884,142026.55069000006,0.0,0.8977999999999999,0.9518823529411764,-0.026482879973326323,-0.016702905582290678,-0.01955994878207129,,
2025-01-13,142026.55069000006,0,0.884,142026.55069000006,0.0,0.8940000000000001,0.9458235294117647,-0.027915532628112305,-0.018945430991455004,-0.017940203273314602,,
2025-01-14,71029.65801000006,76400,0.929,142005.25801000005,0.49980966194224924,0.8984,0.9421176470588236,-0.025130111971570113,-0.020182367187478026,-0.009895489568184174,BUY_HALF,低位MACD且上穿MA5
2025-01-15,140685.55497000006,0,0.912,140685.55497000006,0.0,0.9016,0.9375294117647059,-0.02401754465409045,-0.020949402680800512,-0.006136283946579876,SELL_ALL,跌破MA17清仓
2025-01-16,140685.55497000006,0,0.919,140685.55497000006,0.0,0.9056000000000001,0.9337647058823529,-0.02231376633237181,-0.021222275411114773,-0.002182981842514073,,
2025-01-17,140685.55497000006,0,0.925,140685.55497000006,0.0,0.9138,0.9297058823529412,-0.020245976862850124,-0.021027015701461843,0.001562077677223439,,
2025-01-20,140685.55497000006,0,0.943,140685.55497000006,0.0,0.9256,0.9270588235294118,-0.01695929306920374,-0.020213471175010225,0.00650835621161297,,
2025-01-21,140685.55497000006,0,0.947,140685.55497000006,0.0,0.9292,0.9244705882352942,-0.013871899292766221,-0.018945156798561423,0.010146515011590404,,
2025-01-22,140685.55497000006,0,0.942,140685.55497000006,0.0,0.9352,0.9217058823529412,-0.011693777111309256,-0.01749488086111099,0.011602207499603466,,
2025-01-23,140685.55497000006,0,0.94,140685.55497000006,0.0,0.9394,0.9187058823529411,-0.01001355287100758,-0.015998615263090307,0.011970124784165453,,
2025-01-24,140685.55497000006,0,0.955,140685.55497000006,0.0,0.9454,0.9183529411764706,-0.007386442108708424,-0.014276180632213932,0.013779477047011015,,
2025-01-27,140685.55497000006,0,0.925,140685.55497000006,0.0,0.9418,0.9185294117647059,-0.007637150860653974,-0.012948374677901942,0.010622447634495935,,
2025-02-05,140685.55497000006,0,0.919,140685.55497000006,0.0,0.9362,0.9193529411764706,-0.008225174516900191,-0.012003734645701591,0.007557120257602801,,
2025-02-06,70356.46257000006,74400,0.945,140664.46257000006,0.49982773698091676,0.9368000000000001,0.9218235294117647,-0.006518068555076972,-0.010906601427576669,0.008777065744999393,BUY_HALF,低位MACD且上穿MA5
2025-02-07,59.77989000007801,146700,0.972,142652.1798900001,0.9995809395268535,0.9432,0.9256470588235294,-0.0029524662367816923,-0.009315774389417672,0.01272661630527196,BUY_FULL,次日仍站上MA5
2025-02-10,59.77989000007801,146700,0.974,142945.57989000005,0.9995817996607795,0.9470000000000001,0.930235294117647,3.428733153254537e-05,-0.00744576204522763,0.01496009875352035,,
2025-02-11,59.77989000007801,146700,0.958,140598.3798900001,0.999574818073673,0.9536,0.9337058823529412,0.001097592408342507,-0.005737091154513603,0.01366936712571222,,
2025-02-12,59.77989000007801,146700,0.973,142798.8798900001,0.9995813700356323,0.9643999999999998,0.9389411764705882,0.0031147392074575286,-0.003966725082119376,0.01416292857915381,,
2025-02-13,59.77989000007801,146700,0.965,141625.27989000006,0.9995779009930537,0.9683999999999999,0.9437058823529412,0.0040214526345995205,-0.002369089538775597,0.012781084346750234,,
2025-02-14,59.77989000007801,146700,0.979,143679.07989000005,0.999583934626768,0.9698,0.9466470588235294,0.005802821244074163,-0.000734707382205645,0.013075057252559617,,
2025-02-17,59.77989000007801,146700,0.99,145292.77989000006,0.9995885556732735,0.9730000000000001,0.9512352941176471,0.00800984427150786,0.001014202948537056,0.013991282645941608,,
2025-02-18,59.77989000007801,146700,0.97,142358.77989000006,0.9995800758474731,0.9753999999999999,0.954235294117647,0.008052271495035623,0.0024218166578367697,0.011260909674397707,,
2025-02-19,59.77989000007801,146700,0.988,144999.3798900001,0.9995877231333993,0.9783999999999999,0.9579411764705883,0.009429645855405955,0.003823382497350607,0.011212526716110695,,
2025-02-20,59.77989000007801,146700,0.986,144705.97989000008,0.9995868872174771,0.9826,0.9604705882352941,0.010241780800363975,0.005107062157953281,0.010269437284821388,,
2025-02-21,59.77989000007801,146700,1.009,148080.07989000005,0.9995963002583165,0.9885999999999999,0.9641176470588235,0.012596111246694464,0.006604871975701519,0.01198247854198589,,
2025-02-24,59.77989000007801,146700,1.003,147199.87989000004,0.999593886285473,0.9911999999999999,0.9677058823529412,0.013818494231748746,0.008047596426910966,0.01154179560967556,,
2025-02-25,59.77989000007801,146700,0.99,145292.77989000006,0.9995885556732735,0.9952,0.9706470588235295,0.013581688943893888,0.00915441493030755,0.008854548027172678,,
2025-02-26,59.77989000007801,146700,1.004,147346.57989000005,0.9995942906170968,0.9984,0.973529411764706,0.014358189770288021,0.010195169898303644,0.008326039743968755,,
2025-02-27,59.77989000007801,146700,0.998,146466.3798900001,0.9995918524780568,1.0008,0.9778235294117645,0.014324300790735989,0.011020996076790114,0.006606609427891749,,
2025-02-28,140556.21831000008,0,0.958,140556.21831000008,0.0,0.9905999999999999,0.9801176470588234,0.010943626509995807,0.011005522163431255,-0.00012379130687089485,SELL_ALL,跌破MA17清仓
2025-03-03,140556.21831000008,0,0.971,140556.21831000008,0.0,0.9842000000000001,0.9816470588235293,0.009207273423831985,0.010645872415511402,-0.0028771979833588333,,
2025-03-04,140556.21831000008,0,0.965,140556.21831000008,0.0,0.9792,0.9812352941176471,0.007263324157762652,0.009969362763961653,-0.005412077212398003,,
2025-03-05,140556.21831000008,0,0.964,140556.21831000008,0.0,0.9712,0.9806470588235294,0.0055777419788449745,0.009091038606938318,-0.0070265932561866876,,
2025-03-06,140556.21831000008,0,0.984,140556.21831000008,0.0,0.9683999999999999,0.9821764705882352,0.005789006744891134,0.008430632234528881,-0.005283250979275494,,
2025-03-07,140556.21831000008,0,0.968,140556.21831000008,0.0,0.9703999999999999,0.9818823529411764,0.004612202709800339,0.007666946329583173,-0.006109487239565668,,
2025-03-10,140556.21831000008,0,0.967,140556.21831000008,0.0,0.9696,0.982,0.0035578724519965688,0.006845131554065852,-0.006574518204138567,,
2025-03-11,140556.21831000008,0,0.967,140556.21831000008,0.0,0.97,0.9812941176470588,0.0026912846722130235,0.006014362177695287,-0.006646155010964527,,
2025-03-12,140556.21831000008,0,0.962,140556.21831000008,0.0,0.9696,0.9796470588235294,0.0015828038228417052,0.0051280505067245715,-0.007090493367765733,,
2025-03-13,140556.21831000008,0,0.952,140556.21831000008,0.0,0.9632,0.9785882352941176,-0.00010142252721101475,0.004082155899937455,-0.00836715685429694,,
2025-03-14,140556.21831000008,0,0.984,140556.21831000008,0.0,0.9663999999999999,0.9783529411764704,0.0011328892786133249,0.003492302575672629,-0.004718826594118608,,
2025-03-17,140556.21831000008,0,0.977,140556.21831000008,0.0,0.9683999999999999,0.9778235294117645,0.0015286277102009027,0.0030995676025782843,-0.003141879784754763,,
2025-03-18,140556.21831000008,0,0.984,140556.21831000008,0.0,0.9718,0.9763529411764705,0.002379663487539263,0.0029555867795704803,-0.0011518465840624345,,
2025-03-19,140556.21831000008,0,0.983,140556.21831000008,0.0,0.976,0.9751764705882353,0.0029395386579607052,0.0029523771552485254,-2.5676994575640245e-05,,
2025-03-20,140556.21831000008,0,0.972,140556.21831000008,0.0,0.9800000000000001,0.9741176470588234,0.0024671954022172926,0.0028553408046422786,-0.000776290804849972,,
2025-03-21,140556.21831000008,0,0.949,140556.21831000008,0.0,0.9730000000000001,0.9708823529411764,0.00023425187817649462,0.002331123019349122,-0.004193742282345255,,
2025-03-24,140556.21831000008,0,0.95,140556.21831000008,0.0,0.9676,0.9680588235294119,-0.0014381027560796955,0.0015772778642633588,-0.006030761240686109,,
2025-03-25,140556.21831000008,0,0.948,140556.21831000008,0.0,0.9603999999999999,0.9674705882352941,-0.0028915076375501947,0.0006835207639006482,-0.007150056802901686,,
2025-03-26,140556.21831000008,0,0.943,140556.21831000008,0.0,0.9524000000000001,0.9658235294117645,-0.004396123910638927,-0.0003324081710072669,-0.008127431479263321,,
2025-03-27,140556.21831000008,0,0.944,140556.21831000008,0.0,0.9468,0.9645882352941176,-0.005445083966071684,-0.0013549433300201505,-0.008180281272103067,,
2025-03-28,140556.21831000008,0,0.939,140556.21831000008,0.0,0.9447999999999999,0.9631176470588236,-0.006603726927267517,-0.0024047000494696238,-0.008398053755595786,,
2025-03-31,140556.21831000008,0,0.927,140556.21831000008,0.0,0.9401999999999999,0.9597647058823529,-0.008393504439004662,-0.0036024609273766317,-0.00958208702325606,,
2025-04-01,140556.21831000008,0,0.924,140556.21831000008,0.0,0.9353999999999999,0.9571764705882352,-0.009939415544337082,-0.0048698518507687225,-0.01013912738713672,,
2025-04-02,140556.21831000008,0,0.927,140556.21831000008,0.0,0.9321999999999999,0.9548235294117646,-0.010798013526642114,-0.006055484185943401,-0.009485058681397426,,
2025-04-03,140556.21831000008,0,0.906,140556.21831000008,0.0,0.9246000000000001,0.9512352941176471,-0.013022863643529115,-0.007448960077460544,-0.01114780713213714,,
2025-04-07,140556.21831000008,0,0.788,140556.21831000008,0.0,0.8944000000000001,0.941,-0.024030676542588503,-0.010765303370486135,-0.026530746344204735,,
2025-04-08,140556.21831000008,0,0.796,140556.21831000008,0.0,0.8682000000000001,0.9318235294117647,-0.03174300087612403,-0.014960842871613715,-0.03356431600902063,,
2025-04-09,140556.21831000008,0,0.801,140556.21831000008,0.0,0.8436,0.9210588235294117,-0.0370248162271718,-0.019373637542725333,-0.03530235736889293,,
2025-04-10,140556.21831000008,0,0.819,140556.21831000008,0.0,0.8220000000000001,0.9117647058823529,-0.039305157983950845,-0.023359941630970438,-0.031890432705960814,,
2025-04-11,70314.35207000008,84400,0.832,140535.15207000007,0.49966715775867426,0.8071999999999999,0.9028235294117647,-0.03960679146309165,-0.02660931159739468,-0.025994959731393943,BUY_HALF,低位MACD且上穿MA5
2025-04-14,140767.20987000008,0,0.835,140767.20987000008,0.0,0.8166,0.8941176470588236,-0.039152438303294956,-0.029117936938574736,-0.02006900272944044,SELL_ALL,跌破MA17清仓
2025-04-15,140767.20987000008,0,0.835,140767.20987000008,0.0,0.8244,0.8860588235294117,-0.038350281972362454,-0.03096440594533228,-0.014771752054060346,,
2025-04-16,140767.20987000008,0,0.825,140767.20987000008,0.0,0.8291999999999999,0.8787647058823529,-0.038082492459838635,-0.032388023248233554,-0.011388938423210163,,
2025-04-17,140767.20987000008,0,0.826,140767.20987000008,0.0,0.8305999999999999,0.8714705882352941,-0.03735892526387441,-0.03338220365136173,-0.007953443225025364,,
2025-04-18,70443.51909000009,84600,0.831,140746.11909000008,0.4994993855215646,0.8303999999999998,0.8645882352941177,-0.035967424751208954,-0.033899247871331174,-0.004136353759755559,BUY_HALF,低位MACD且上穿MA5
2025-04-21,141739.92375000007,0,0.843,141739.92375000007,0.0,0.8320000000000001,0.8587058823529411,-0.03351006765722642,-0.03382141182851023,0.0006226883425676233,SELL_ALL,跌破MA17清仓
2025-04-22,141739.92375000007,0,0.841,141739.92375000007,0.0,0.8331999999999999,0.8526470588235294,-0.03136245092937995,-0.033329619648684174,0.003934337438608451,,
2025-04-23,141739.92375000007,0,0.853,141739.92375000007,0.0,0.8388,0.8475882352941176,-0.028365173425461854,-0.03233673040403971,0.007943113957155717,,
2025-04-24,141739.92375000007,0,0.846,141739.92375000007,0.0,0.8427999999999999,0.8428235294117646,-0.02625203380358332,-0.031119791083948432,0.009735514560730227,,
2025-04-25,141739.92375000007,0,0.854,141739.92375000007,0.0,0.8474,0.8387058823529411,-0.023659094968167538,-0.029627651860792255,0.011937113785249434,,
2025-04-28,141739.92375000007,0,0.848,141739.92375000007,0.0,0.8484,0.8340588235294117,-0.02183660334534132,-0.02806944215770207,0.012465677624721498,,
2025-04-29,141739.92375000007,0,0.846,141739.92375000007,0.0,0.8493999999999999,0.8305294117647058,-0.020319419272239903,-0.02651943758060964,0.012400036616739475,,
2025-04-30,70922.08477000009,82900,0.854,141718.68477000008,0.49955727513911186,0.8496,0.8344117647058823,-0.018261005320126422,-0.024867751128513,0.013213491616773154,BUY_HALF,低位MACD且上穿MA5
2025-05-06,1.4149500000930857,164300,0.871,143106.71495000008,0.9999901126232924,0.8545999999999999,0.8388235294117647,-0.015084059855420717,-0.022911012873894545,0.015653906036947655,BUY_FULL,次日仍站上MA5
2025-05-07,1.4149500000930857,164300,0.876,143928.21495000008,0.9999901690575362,0.859,0.843235294117647,-0.012024241501529698,-0.020733658599421577,0.01741883419578376,,
2025-05-08,1.4149500000930857,164300,0.896,147214.2149500001,0.999990388496107,0.8686,0.8477647058823529,-0.007894477930799892,-0.01816582246569724,0.020542689069794694,,
2025-05-09,1.4149500000930857,164300,0.889,146064.1149500001,0.9999903128157072,0.8772,0.8511176470588235,-0.00512734717959229,-0.01555812740847625,0.020861560457767922,,
2025-05-12,1.4149500000930857,164300,0.916,150500.2149500001,0.9999905983522976,0.8896000000000001,0.8558823529411764,-0.0007470897855738068,-0.012595919883895763,0.023697660196643912,,
2025-05-13,1.4149500000930857,164300,0.914,150171.6149500001,0.9999905777799581,0.8982000000000001,0.8605294117647059,0.0025337054921965585,-0.009569994808677299,0.024207400601747715,,
2025-05-14,1.4149500000930857,164300,0.926,152143.2149500001,0.9999906998810262,0.9082000000000001,0.866470588235294,0.006032519963472982,-0.006449491854247242,0.02496402363544045,,
2025-05-15,1.4149500000930857,164300,0.906,148857.2149500001,0.999990494582338,0.9102,0.8711764705882353,0.007109568110900577,-0.003737679861217679,0.021694495944236513,,
2025-05-16,1.4149500000930857,164300,0.905,148692.9149500001,0.9999904840792141,0.9134,0.8755294117647058,0.0077926164530630615,-0.0014316205983615309,0.018448474102849183,,
2025-05-19,1.4149500000930857,164300,0.901,148035.7149500001,0.9999904418335767,0.9103999999999999,0.8789411764705882,0.00791987522309845,0.0004386785659304651,0.014962393314335968,,
2025-05-20,1.4149500000930857,164300,0.908,149185.8149500001,0.9999905155191828,0.9092,0.8828823529411765,0.008487728957763174,0.002048488644297007,0.012878480626932334,,
2025-05-21,1.4149500000930857,164300,0.919,150993.1149500001,0.9999906290429166,0.9077999999999999,0.8867647058823529,0.009713395228993393,0.0035814699612362845,0.012263850535514218,,
2025-05-22,1.4149500000930857,164300,0.911,149678.7149500001,0.9999905467520845,0.9088,0.8905882352941177,0.009924804470225035,0.0048501368630340345,0.010149335214382,,
2025-05-23,1.4149500000930857,164300,0.899,147707.1149500001,0.9999904205697838,0.9076000000000001,0.8932352941176471,0.009020070349022191,0.005684123560231666,0.006671893577581051,,
2025-05-26,145856.0454300001,0,0.888,145856.0454300001,0.0,0.905,0.8955882352941176,0.0073309473725924335,0.006013488322703819,0.002634918099777228,SELL_ALL,跌破MA17清仓
2025-05-27,145856.0454300001,0,0.884,145856.0454300001,0.0,0.9002000000000001,0.8978235294117647,0.005604928546357191,0.005931776367434494,-0.0006536956421546065,,
2025-05-28,145856.0454300001,0,0.879,145856.0454300001,0.0,0.8922000000000001,0.8992941176470588,0.0037899003657301256,0.005503401167093621,-0.0034270016027269905,,
2025-05-29,145856.0454300001,0,0.891,145856.0454300001,0.0,0.8882,0.9004705882352941,0.0032819449493900477,0.005059109923552906,-0.0035543299483257167,,
2025-05-30,145856.0454300001,0,0.882,145856.0454300001,0.0,0.8848,0.9008235294117648,0.002128624381609101,0.0044730128151641456,-0.004688776867110089,,
2025-06-03,145856.0454300001,0,0.882,145856.0454300001,0.0,0.8836,0.9,0.001200767818457571,0.003818563815822831,-0.00523559199473052,,
2025-06-04,145856.0454300001,0,0.894,145856.0454300001,0.0,0.8855999999999999,0.9002941176470589,0.001417395664211174,0.0033383301855004995,-0.003841869042578651,,
2025-06-05,145856.0454300001,0,0.907,145856.0454300001,0.0,0.8912000000000001,0.899764705882353,0.0026080027152806107,0.003192264691456522,-0.0011685239523518227,,
2025-06-06,145856.0454300001,0,0.902,145856.0454300001,0.0,0.8934000000000001,0.8990588235294118,0.0031122332799045083,0.0031762584091461193,-0.00012805025848322202,,
2025-06-09,145856.0454300001,0,0.911,145856.0454300001,0.0,0.8992000000000001,0.8981764705882354,0.004189767388599552,0.0033789602050368064,0.0016216143671254919,,
2025-06-10,145856.0454300001,0,0.898,145856.0454300001,0.0,0.9024000000000001,0.8977058823529412,0.003949205594687033,0.003493009282966852,0.0009123926234403624,,
2025-06-11,145856.0454300001,0,0.912,145856.0454300001,0.0,0.906,0.8981176470588236,0.004832535179573938,0.0037609144622882695,0.002143241434571337,,
2025-06-12,145856.0454300001,0,0.914,145856.0454300001,0.0,0.9074,0.8988823529411765,0.005629075051726606,0.004134546580175937,0.0029890569431013387,,
2025-06-13,145856.0454300001,0,0.906,145856.0454300001,0.0,0.9082000000000001,0.8987647058823529,0.005550819110516136,0.004417801086243977,0.0022660360485443187,,
2025-06-16,145856.0454300001,0,0.915,145856.0454300001,0.0,0.909,0.8985294117647058,0.006144198995772565,0.004763080668149695,0.002762236655245741,,
2025-06-17,145856.0454300001,0,0.912,145856.0454300001,0.0,0.9118,0.8985882352941177,0.006299762165181355,0.005070416967556027,0.0024586903952506563,,
2025-06-18,145856.0454300001,0,0.917,145856.0454300001,0.0,0.9128000000000001,0.8996470588235295,0.006748710378647549,0.005406075649774331,0.002685269457746435,,
2025-06-19,145856.0454300001,0,0.902,145856.0454300001,0.0,0.9104000000000001,0.9004705882352942,0.005826960854968477,0.00549025269081316,0.0006734163283106335,,
2025-06-20,145856.0454300001,0,0.895,145856.0454300001,0.0,0.9082000000000001,0.9011176470588236,0.0044799837540236975,0.005288198903455268,-0.0016164302988631411,,
2025-06-23,145856.0454300001,0,0.898,145856.0454300001,0.0,0.9048,0.9022352941176471,0.00361292210793851,0.004953143544351917,-0.002680442872826814,,
2025-06-24,72957.48242000009,79300,0.919,145834.18242000008,0.4997230333154423,0.9062000000000001,0.9038823529411766,0.004567641079148865,0.004876043051311308,-0.0006168039443248848,BUY_HALF,低位MACD且上穿MA5
2025-06-25,31.11107000008633,155800,0.953,148508.51107000007,0.9997905098517524,0.9134,0.9080588235294117,0.007975838095576893,0.005496002060164425,0.0049596720708249345,BUY_FULL,次日仍站上MA5
2025-06-26,31.11107000008633,155800,0.946,147417.9110700001,0.9997889600403758,0.9221999999999999,0.9118235294117647,0.009996780623028112,0.006396157772737163,0.007201245700581898,,
2025-06-27,31.11107000008633,155800,0.951,148196.9110700001,0.9997900693761059,0.9334,0.9151764705882353,0.011865077126039347,0.007489941643397601,0.008750270965283493,,
2025-06-30,31.11107000008633,155800,0.965,150378.1110700001,0.9997931143716414,0.9468,0.9185882352941176,0.014310436755167522,0.008854040665751586,0.01091279217883187,,
2025-07-01,31.11107000008633,155800,0.961,149754.9110700001,0.9997922534240926,0.9551999999999999,0.9220588235294118,0.015744146587046592,0.010232061850010589,0.011024169474072008,,
2025-07-02,31.11107000008633,155800,0.949,147885.31107000005,0.9997896270442617,0.9543999999999999,0.9242941176470589,0.015730738089663632,0.011331797097941198,0.008797881983444868,,
2025-07-03,31.11107000008633,155800,0.97,151157.1110700001,0.999794180572916,0.9591999999999998,0.9285294117647059,0.01721617886134741,0.01250867345062244,0.009415010821449937,,
2025-07-04,31.11107000008633,155800,0.968,150845.51107000007,0.9997937554138708,0.9625999999999999,0.9318235294117647,0.01802424580370532,0.013611787921239016,0.008824915764932606,,
2025-07-07,31.11107000008633,155800,0.956,148975.9110700001,0.9997911671103291,0.9608000000000001,0.9342941176470588,0.01749467721662168,0.014388365780315548,0.006212622872612261,,
2025-07-08,31.11107000008633,155800,0.979,152559.3110700001,0.9997960722961982,0.9644,0.9385882352941176,0.018715161346779752,0.01525372489360839,0.006922872906342723,,
2025-07-09,31.11107000008633,155800,0.983,153182.51107000007,0.9997969019453803,0.9712,0.9425882352941177,0.019777191233977365,0.016158418161682186,0.007237546144590358,,
2025-07-10,31.11107000008633,155800,0.987,153805.71107000008,0.9997977248713091,0.9746,0.9470000000000001,0.020702973154329007,0.01706732916021155,0.007271287988234912,,
2025-07-11,31.11107000008633,155800,0.993,154740.51107000007,0.9997989468317964,0.9795999999999999,0.9514705882352942,0.02167100203033867,0.017988063734236975,0.007365876592203391,,
2025-07-14,31.11107000008633,155800,0.989,154117.3110700001,0.9997981338385409,0.9862,0.9565882352941176,0.021863377907208603,0.0187631265688313,0.006200502676754607,,
2025-07-15,31.11107000008633,155800,1.01,157389.1110700001,0.9998023302260963,0.9924,0.9633529411764705,0.023440158119488852,0.01969853287896281,0.007483250481052084,,
2025-07-16,31.11107000008633,155800,1.006,156765.9110700001,0.9998015444187595,0.9970000000000001,0.9697058823529412,0.02408931460353181,0.02057668922387661,0.007025250759310396,,
2025-07-17,31.11107000008633,155800,1.026,159881.9110700001,0.9998054121958396,1.0048,0.976,0.025918832480163467,0.02164511787513398,0.008547429210058972,,
2025-07-18,31.11107000008633,155800,1.03,160505.1110700001,0.999806167730157,1.0122,0.9805294117647059,0.027375932440713346,0.022791280788249855,0.009169303304926983,,
2025-07-21,31.11107000008633,155800,1.038,161751.51107000007,0.9998076613331507,1.0219999999999998,0.9859411764705882,0.02884373517401362,0.02400177166540261,0.009683927017222017,,
2025-07-22,31.11107000008633,155800,1.043,162530.51107000007,0.9998085832020385,1.0286,0.9913529411764704,0.03006387993458781,0.02521419331923965,0.00969937323069632,,
2025-07-23,31.11107000008633,155800,1.043,162530.51107000007,0.9998085832020385,1.036,0.9959411764705883,0.030677225488489612,0.026306799753089645,0.008740851470799935,,
2025-07-24,31.11107000008633,155800,1.058,164867.51107000007,0.9998112965386682,1.0424,1.0016470588235293,0.0320047500621905,0.02744638981490982,0.009116720494561366,,
2025-07-25,31.11107000008633,155800,1.055,164400.1110700001,0.9998107600426933,1.0474,1.0078823529411765,0.03244079068190264,0.028445269988308385,0.007991041387188515,,
2025-07-28,31.11107000008633,155800,1.069,166581.31107000005,0.9998132379328736,1.0535999999999999,1.013705882352941,0.03352953144456172,0.029462122279559057,0.00813481833000533,,
2025-07-29,31.11107000008633,155800,1.09,169853.1110700001,0.9998168354420822,1.0630000000000002,1.0208823529411766,0.03567564421935643,0.030704826667518535,0.009941635103675787,,
2025-07-30,31.11107000008633,155800,1.074,167360.3110700001,0.9998141072408315,1.0692,1.0278235294117646,0.03567415828257903,0.03169869299053064,0.00795093058409678,,
2025-07-31,31.11107000008633,155800,1.05,163621.1110700001,0.9998098590713835,1.0676,1.032,0.0333519210582367,0.03202933860407185,0.0026451649083296946,,
2025-08-01,31.11107000008633,155800,1.047,163153.71107000008,0.9998093143588579,1.066,1.035764705882353,0.030913109317703746,0.031806092746798235,-0.0017859668581889782,,
2025-08-04,31.11107000008633,155800,1.052,163932.71107000008,0.9998102204874365,1.0626000000000002,1.0395882352941177,0.029048933631329543,0.0312546609237045,-0.00441145458474991,,
2025-08-05,31.11107000008633,155800,1.057,164711.71107000008,0.999811118044989,1.0559999999999998,1.0433529411764706,0.02765621554506681,0.030534971847976964,-0.00575751260582031,,
2025-08-06,31.11107000008633,155800,1.063,165646.51107000007,0.999812183970558,1.0538,1.0477058823529413,0.0267285165823814,0.029773680794857853,-0.006090328424952905,,
2025-08-07,31.11107000008633,155800,1.054,164244.3110700001,0.999810580532151,1.0546,1.0502941176470588,0.02497913971324195,0.028814772578534674,-0.00767126573058545,,
2025-08-08,163883.5405900001,0,1.052,163883.5405900001,0.0,1.0555999999999999,1.053,0.02316433857971978,0.027684685778771697,-0.009040694398103837,SELL_ALL,跌破MA17清仓
2025-08-11,163883.5405900001,0,1.075,163883.5405900001,0.0,1.0602,1.0558823529411765,0.023313262608102958,0.026810401144637952,-0.006994277073069988,,
2025-08-12,163883.5405900001,0,1.09,163883.5405900001,0.0,1.0668,1.0594117647058823,0.024360843968139978,0.026320489709338358,-0.00391929148239676,,
2025-08-13,163883.5405900001,0,1.133,163883.5405900001,0.0,1.0808,1.065,0.0283341815696716,0.02672322808140501,0.0032219069765331843,,
2025-08-14,163883.5405900001,0,1.126,163883.5405900001,0.0,1.0951999999999997,1.0698823529411765,0.0305658941455762,0.027491761294239248,0.006148265702673905,,
2025-08-15,163883.5405900001,0,1.157,163883.5405900001,0.0,1.1161999999999999,1.0765882352941176,0.034438992099397936,0.028881207455270987,0.011115569288253899,,
2025-08-18,163883.5405900001,0,1.189,163883.5405900001,0.0,1.139,1.0842941176470589,0.039633709959521424,0.031031707956121077,0.017204004006800694,,
2025-08-19,163883.5405900001,0,1.19,163883.5405900001,0.0,1.159,1.0922352941176472,0.043331751474324554,0.03349171665976178,0.01968006962912555,,
2025-08-20,163883.5405900001,0,1.195,163883.5405900001,0.0,1.1714,1.0996470588235296,0.04613412871271083,0.03602019907035159,0.020227859284718486,,
2025-08-21,163883.5405900001,0,1.186,163883.5405900001,0.0,1.1834,1.1052941176470588,0.04708602964064634,0.03823336518441054,0.017705328912471605,,
2025-08-22,163883.5405900001,0,1.232,163883.5405900001,0.0,1.1984,1.1145882352941177,0.050964743705089965,0.04077964088854642,0.020370205633087085,,
2025-08-25,163883.5405900001,0,1.266,163883.5405900001,0.0,1.2137999999999998,1.127294117647059,0.056135078157801166,0.04385072834239737,0.024568699630807586,,
2025-08-26,163883.5405900001,0,1.258,163883.5405900001,0.0,1.2274,1.1397058823529411,0.058908017365391974,0.0468621861469963,0.024091662436791353,,
2025-08-27,163883.5405900001,0,1.25,163883.5405900001,0.0,1.2384,1.1513529411764707,0.05977105500820068,0.049443959919237175,0.02065419017792701,,
2025-08-28,163883.5405900001,0,1.309,163883.5405900001,0.0,1.263,1.1661764705882351,0.06447262518409724,0.05244969297220919,0.02404586442377611,,
2025-08-29,163883.5405900001,0,1.342,163883.5405900001,0.0,1.2850000000000001,1.1825882352941175,0.07005393942237403,0.055970542262242164,0.02816679432026374,,
2025-09-01,163883.5405900001,0,1.374,163883.5405900001,0.0,1.3066,1.2014117647058824,0.07618113502874602,0.06001266081554294,0.03233694842640615,,
2025-09-02,163883.5405900001,0,1.336,163883.5405900001,0.0,1.3222,1.2181176470588237,0.07708214429267013,0.06342655751096839,0.027311173563403485,,
2025-09-03,163883.5405900001,0,1.354,163883.5405900001,0.0,1.3430000000000002,1.234529411764706,0.07834553167275105,0.06641035234332493,0.02387035865885223,,
2025-09-04,163883.5405900001,0,1.289,163883.5405900001,0.0,1.339,1.246235294117647,0.0732573533332388,0.0677797525413077,0.010955201583862179,,
2025-09-05,163883.5405900001,0,1.394,163883.5405900001,0.0,1.3494,1.2615882352941177,0.07681211556486645,0.06958622514601945,0.014451780837693995,,
2025-09-08,163883.5405900001,0,1.365,163883.5405900001,0.0,1.3476000000000001,1.2756470588235294,0.07640844363164145,0.07095066884314385,0.010915549576995198,,
2025-09-09,163883.5405900001,0,1.336,163883.5405900001,0.0,1.3476,1.2861764705882355,0.07290803463972284,0.07134214200245965,0.003131785274526372,,
2025-09-10,163883.5405900001,0,1.351,163883.5405900001,0.0,1.347,1.2957058823529413,0.07053126936526,0.07117996747501973,-0.0012973962195194644,,
2025-09-11,163883.5405900001,0,1.432,163883.5405900001,0.0,1.3756,1.3099411764705882,0.07432689464178899,0.07180935290837359,0.005035083466830792,,
2025-09-12,163883.5405900001,0,1.414,163883.5405900001,0.0,1.3796,1.3228235294117647,0.07501774755483237,0.07245103183766535,0.005133431434334035,,
2025-09-15,163883.5405900001,0,1.437,163883.5405900001,0.0,1.394,1.3375882352941177,0.07653886881086591,0.07326859923230547,0.006540539157120884,,
2025-09-16,163883.5405900001,0,1.453,163883.5405900001,0.0,1.4174000000000002,1.3505882352941176,0.07813474593384528,0.07424182857261344,0.0077858347224636915,,
2025-09-17,163883.5405900001,0,1.48,163883.5405900001,0.0,1.4432,1.3631764705882354,0.08064849871186186,0.07552316260046313,0.010250672222797463,,
2025-09-18,163883.5405900001,0,1.455,163883.5405900001,0.0,1.4478,1.3747647058823529,0.07970458993438934,0.07635944806724837,0.006690283734281932,,
2025-09-19,163883.5405900001,0,1.455,163883.5405900001,0.0,1.456,1.3868235294117648,0.0780567458502226,0.07669890762384322,0.0027156764527587474,,
2025-09-22,163883.5405900001,0,1.466,163883.5405900001,0.0,1.4618,1.3960588235294118,0.07675365722758243,0.07670985754459107,8.759936598271012e-05,,
2025-09-23,163883.5405900001,0,1.476,163883.5405900001,0.0,1.4664,1.4039411764705882,0.07565575409329095,0.07649903685433106,-0.0016865655220802134,,
2025-09-24,163883.5405900001,0,1.505,163883.5405900001,0.0,1.4714,1.4116470588235295,0.07624679005254054,0.07644858749397296,-0.0004035948828648439,,
2025-09-25,163883.5405900001,0,1.53,163883.5405900001,0.0,1.4864000000000002,1.4230588235294117,0.07783524511972995,0.07672591901912436,0.0022186522012111742,,
2025-09-26,163883.5405900001,0,1.492,163883.5405900001,0.0,1.4938,1.4311764705882353,0.07516141082627725,0.07641301738055495,-0.002503213108555391,,
2025-09-29,81984.17815000011,53200,1.539,163858.9781500001,0.499666243036436,1.5084,1.4458823529411766,0.07595927386330148,0.07632226867710426,-0.0007259896276055611,BUY_HALF,低位MACD且上穿MA5
2025-09-30,37.50152000012167,106500,1.537,163728.0015200001,0.999770952313276,1.5206,1.4542941176470587,0.07555920332121713,0.07616965560592684,-0.0012209045694194232,BUY_FULL,次日仍站上MA5
2025-10-09,37.50152000012167,106500,1.543,164367.0015200001,0.9997718427686013,1.5282,1.464764705882353,0.07486331667632218,0.0759083878200059,-0.0020901422873674524,,
2025-10-10,156013.19477000012,0,1.465,156013.19477000012,0.0,1.5151999999999999,1.4723529411764704,0.06724274090979443,0.07417525843796362,-0.013865035056338376,SELL_ALL,跌破MA17清仓
2025-10-13,156013.19477000012,0,1.441,156013.19477000012,0.0,1.505,1.4776470588235295,0.058591375384340116,0.07105848182723892,-0.024934212885797613,,
2025-10-14,156013.19477000012,0,1.382,156013.19477000012,0.0,1.4736,1.474705882352941,0.04643897931300889,0.06613458132439293,-0.03939120402276808,,
2025-10-15,156013.19477000012,0,1.419,156013.19477000012,0.0,1.45,1.4749999999999999,0.03934021909401131,0.060775708878316605,-0.04287097956861059,,
2025-10-16,156013.19477000012,0,1.429,156013.19477000012,0.0,1.4272,1.4745294117647059,0.03412791158232942,0.05544614941911917,-0.042636475673579505,,
2025-10-17,156013.19477000012,0,1.381,156013.19477000012,0.0,1.4103999999999999,1.4702941176470588,0.025826212972523743,0.04952216212980009,-0.04739189831455269,,
2025-10-20,156013.19477000012,0,1.413,156013.19477000012,0.0,1.4048,1.4663529411764704,0.02158042388538206,0.04393381448091649,-0.044706781191068856,,
2025-10-21,156013.19477000012,0,1.463,156013.19477000012,0.0,1.4209999999999998,1.4668235294117646,0.021996624185936398,0.03954637642192047,-0.03509950447196815,,
2025-10-22,156013.19477000012,0,1.452,156013.19477000012,0.0,1.4276,1.4666470588235294,0.021194540385106153,0.03587600921455761,-0.02936293765890291,,
2025-10-23,156013.19477000012,0,1.452,156013.19477000012,0.0,1.4322,1.4658235294117647,0.02032459392707575,0.032765726157061234,-0.024882264459970965,,
2025-10-24,156013.19477000012,0,1.51,156013.19477000012,0.0,1.4579999999999997,1.4678235294117647,0.024038173267056706,0.031020215579060328,-0.013964084624007243,,
2025-10-27,156013.19477000012,0,1.541,156013.19477000012,0.0,1.4836,1.4699411764705883,0.029146667926391867,0.030645506048526637,-0.00299767624426954,,
2025-10-28,156013.19477000012,0,1.538,156013.19477000012,0.0,1.4986000000000002,1.4704117647058823,0.03257757778283499,0.031031920395388306,0.0030913147748933625,,
2025-10-29,156013.19477000012,0,1.59,156013.19477000012,0.0,1.5262,1.4761764705882354,0.03904250627112704,0.032634037570536054,0.012816937401181977,,
2025-10-30,156013.19477000012,0,1.558,156013.19477000012,0.0,1.5474,1.4772941176470589,0.04110998578450542,0.03432922721332993,0.013561517142350987,,
2025-10-31,156013.19477000012,0,1.513,156013.19477000012,0.0,1.548,1.4758823529411764,0.0386715724598361,0.03519769626263117,0.006947752394409867,,
2025-11-03,156013.19477000012,0,1.521,156013.19477000012,0.0,1.544,1.4745882352941178,0.036958609627575356,0.035549878935620005,0.002817461383910702,,
2025-11-04,156013.19477000012,0,1.488,156013.19477000012,0.0,1.534,1.4759411764705883,0.03256288536153007,0.034952480220802024,-0.004779189718543908,,
2025-11-05,156013.19477000012,0,1.505,156013.19477000012,0.0,1.517,1.479705882352941,0.030103980191704904,0.033982780214982605,-0.007757600046555402,,
2025-11-06,156013.19477000012,0,1.535,156013.19477000012,0.0,1.5124,1.488705882352941,0.03022758462911601,0.03323174109780929,-0.006008312937386559,,
2025-11-07,156013.19477000012,0,1.527,156013.19477000012,0.0,1.5151999999999999,1.4950588235294118,0.029341775175473872,0.032453747913342205,-0.006223945475736667,,
2025-11-10,156013.19477000012,0,1.504,156013.19477000012,0.0,1.5118,1.499470588235294,0.026478627880734296,0.03125872390682063,-0.009560192052172664,,
2025-11-11,156013.19477000012,0,1.48,156013.19477000012,0.0,1.5101999999999998,1.5052941176470587,0.022019140651172497,0.029410807255691004,-0.014783333209037013,,
2025-11-12,156013.19477000012,0,1.481,156013.19477000012,0.0,1.5053999999999998,1.509294117647059,0.01835408210207201,0.027199462224967205,-0.017690760245790388,,
2025-11-13,156013.19477000012,0,1.514,156013.19477000012,0.0,1.5011999999999999,1.5122941176470588,0.01790591278751119,0.025340752337476003,-0.014869679099929624,,
2025-11-14,156013.19477000012,0,1.47,156013.19477000012,0.0,1.4898,1.5133529411764703,0.013840755486501877,0.02304075296728118,-0.018399994961558606,,
2025-11-17,156013.19477000012,0,1.464,156013.19477000012,0.0,1.4818,1.514058823529412,0.010019441299255138,0.020436490633675974,-0.020834098668841672,,
2025-11-18,156013.19477000012,0,1.449,156013.19477000012,0.0,1.4756,1.510470588235294,0.0057147713086858065,0.01749214676867794,-0.02355475091998427,,
2025-11-19,156013.19477000012,0,1.455,156013.19477000012,0.0,1.4704000000000002,1.5054117647058822,0.0027556734948928074,0.014544852113920915,-0.023578357238056215,,
2025-11-20,156013.19477000012,0,1.44,156013.19477000012,0.0,1.4556,1.4996470588235293,-0.0007906928662828605,0.011477743117880159,-0.02453687196832604,,
2025-11-21,156013.19477000012,0,1.384,156013.19477000012,0.0,1.4384,1.4875294117647058,-0.008027410751918485,0.007576712343920431,-0.031208246191677832,,
2025-11-24,156013.19477000012,0,1.384,156013.19477000012,0.0,1.4224,1.4772941176470586,-0.01360572350275091,0.0033402251745861637,-0.03389189735467415,,
2025-11-25,156013.19477000012,0,1.407,156013.19477000012,0.0,1.4140000000000001,1.4710588235294118,-0.015986387640836153,-0.0005250973884982995,-0.030922580504675706,,
2025-11-26,78141.24019000011,53800,1.447,155989.84019000013,0.4990619895832841,1.4124,1.4667058823529413,-0.014478516094996063,-0.0033157811297978524,-0.02232546993039642,BUY_HALF,低位MACD且上穿MA5
2025-11-27,155321.0792900001,0,1.435,155321.0792900001,0.0,1.4114,1.4635882352941176,-0.014089402877087043,-0.005470505479255691,-0.017237794795662703,SELL_ALL,跌破MA17清仓
2025-11-28,155321.0792900001,0,1.448,155321.0792900001,0.0,1.4242000000000001,1.460235294117647,-0.01258694206103761,-0.0068937927956120755,-0.011386298530851068,,
2025-12-01,155321.0792900001,0,1.468,155321.0792900001,0.0,1.441,1.456294117647059,-0.009670917865431727,-0.007449217809576006,-0.004443400111711442,,
2025-12-02,155321.0792900001,0,1.46,155321.0792900001,0.0,1.4516,1.4523529411764706,-0.00791425027211723,-0.007542224302084251,-0.0007440519400659564,,
2025-12-03,155321.0792900001,0,1.443,155321.0792900001,0.0,1.4507999999999999,1.4487647058823527,-0.007803878222972127,-0.007594555086261827,-0.00041864627342060035,,
2025-12-04,77718.7055600001,53100,1.461,155297.80556000012,0.4995505230756587,1.456,1.4476470588235295,-0.006192573874234775,-0.007314158843856417,0.0022431699392432853,BUY_HALF,低位MACD且上穿MA5
2025-12-05,38.60852000011073,105500,1.482,156389.60852000013,0.9997531260525204,1.4628,1.4477058823529412,-0.003184371619534776,-0.006488201398992089,0.0066076595589146265,BUY_FULL,次日仍站上MA5
2025-12-08,38.60852000011073,105500,1.53,161453.60852000013,0.9997608692654563,1.4751999999999998,1.4486470588235296,0.0030378309631451383,-0.004582994926564644,0.015241651779419566,,
2025-12-09,38.60852000011073,105500,1.535,161981.10852000013,0.9997616480072714,1.4902,1.4524705882352942,0.00827701724914065,-0.0020109924914235855,0.02057601948112847,,
2025-12-10,38.60852000011073,105500,1.532,161664.60852000013,0.9997611813720172,1.508,1.456470588235294,0.012048151607124025,0.0008008363282859365,0.022494630557676178,,
2025-12-11,38.60852000011073,105500,1.511,159449.10852000013,0.9997578630551247,1.518,1.4601176470588237,0.013190229504608242,0.0032787149635503977,0.019823029082115688,,
2025-12-12,38.60852000011073,105500,1.527,161137.10852000013,0.9997603995730423,1.527,1.4643529411764704,0.015211057150732898,0.005665183400986898,0.019091747499492003,,
2025-12-15,38.60852000011073,105500,1.495,157761.10852000013,0.9997552722571341,1.52,1.4675882352941176,0.014068274740708153,0.007345801668931149,0.013444946143554008,,
2025-12-16,154338.8045700001,0,1.463,154338.8045700001,0.0,1.5056,1.472235294117647,0.01045990362469773,0.007968622060084467,0.004982563129226528,SELL_ALL,跌破MA17清仓
2025-12-17,154338.8045700001,0,1.517,154338.8045700001,0.0,1.5026,1.4800588235294119,0.011821323364293868,0.008739162320926346,0.006164322086735043,,
2025-12-18,154338.8045700001,0,1.479,154338.8045700001,0.0,1.4962,1.4842941176470588,0.009721907794299378,0.008935711415600954,0.001572392757396849,,
2025-12-19,154338.8045700001,0,1.485,154338.8045700001,0.0,1.4878,1.4865294117647057,0.008444908042374077,0.008837550740955578,-0.0007852853971630006,,
2025-12-22,154338.8045700001,0,1.521,154338.8045700001,0.0,1.4929999999999999,1.4915882352941177,0.010219966264741753,0.009114033845712813,0.002211864838057881,,
2025-12-23,154338.8045700001,0,1.53,154338.8045700001,0.0,1.5064,1.4964117647058823,0.01221216326215524,0.009733659729001299,0.004957007066307882,,
2025-12-24,154338.8045700001,0,1.539,154338.8045700001,0.0,1.5108000000000001,1.5005882352941176,0.014351780131785397,0.010657283809558118,0.007388992644454556,,
2025-12-25,154338.8045700001,0,1.542,154338.8045700001,0.0,1.5234,1.5054117647058822,0.016103881324438074,0.011746603312534111,0.008714556023807926,,
2025-12-26,154338.8045700001,0,1.544,154338.8045700001,0.0,1.5352000000000001,1.5113529411764706,0.01745263432353128,0.012887809514733544,0.009129649617595471,,
2025-12-29,154338.8045700001,0,1.532,154338.8045700001,0.0,1.5374,1.5155294117647058,0.017353194259304594,0.013780886463647755,0.007144615591313679,,
2025-12-30,154338.8045700001,0,1.544,154338.8045700001,0.0,1.5402,1.5191764705882354,0.018034793134804605,0.014631667797879125,0.006806250673850961,,
2025-12-31,154338.8045700001,0,1.522,154338.8045700001,0.0,1.5368,1.5187058823529411,0.01660829888472848,0.015026994015248997,0.0031626097389589637,,
2026-01-05,154338.8045700001,0,1.566,154338.8045700001,0.0,1.5416,1.520529411764706,0.018811378331139217,0.01578387087842704,0.006055014905424351,,
2026-01-06,154338.8045700001,0,1.573,154338.8045700001,0.0,1.5474,1.5229411764705882,0.020881467603043324,0.016803390223350298,0.008156154759386053,,
2026-01-07,154338.8045700001,0,1.578,154338.8045700001,0.0,1.5566,1.5268823529411766,0.02266422737330398,0.017975557653341037,0.009377339439925886,,
2026-01-08,154338.8045700001,0,1.56,154338.8045700001,0.0,1.5598,1.528823529411765,0.022366797251732518,0.018853805573019335,0.007025983357426366,,
2026-01-09,154338.8045700001,0,1.567,154338.8045700001,0.0,1.5688,1.5330588235294118,0.022437280236236923,0.019570500505662853,0.00573355946114814,,
2026-01-12,154338.8045700001,0,1.591,154338.8045700001,0.0,1.5737999999999999,1.5405882352941176,0.024151336361005304,0.020486667676731345,0.00732933736854792,,
2026-01-13,154338.8045700001,0,1.56,154338.8045700001,0.0,1.5712,1.5431176470588235,0.022746094448946153,0.020938553031174305,0.0036150828355436954,,
2026-01-14,154338.8045700001,0,1.571,154338.8045700001,0.0,1.5698,1.548529411764706,0.02226339956686041,0.021203522338311527,0.002119754457097764,,
2026-01-15,154338.8045700001,0,1.582,154338.8045700001,0.0,1.5742,1.5542352941176472,0.022508998738253627,0.021464617618299948,0.002088762239907359,,
2026-01-16,154338.8045700001,0,1.582,154338.8045700001,0.0,1.5772,1.5578235294117648,0.022444906935348063,0.021660675481709572,0.0015684629072769823,,
2026-01-19,154338.8045700001,0,1.563,154338.8045700001,0.0,1.5715999999999999,1.559764705882353,0.020623240628965034,0.021453188511160664,-0.0016598957643912601,,
2026-01-20,154338.8045700001,0,1.534,154338.8045700001,0.0,1.5664,1.5594705882352944,0.016647596193719583,0.020492070047672447,-0.007688947707905729,,
2026-01-21,154338.8045700001,0,1.542,154338.8045700001,0.0,1.5606000000000002,1.5594705882352942,0.01398123549723107,0.01918990313758417,-0.010417335280706201,,
2026-01-22,154338.8045700001,0,1.558,154338.8045700001,0.0,1.5558,1.5602941176470588,0.013009229418817103,0.017953768393830758,-0.00988907795002731,,
2026-01-23,154338.8045700001,0,1.562,154338.8045700001,0.0,1.5518,1.5620588235294117,0.012418521187367082,0.016846718952538024,-0.008856395530341885,,
2026-01-26,154338.8045700001,0,1.549,154338.8045700001,0.0,1.549,1.5623529411764705,0.010777156946915945,0.01563280655141361,-0.009711299208995328,,
2026-01-27,154338.8045700001,0,1.563,154338.8045700001,0.0,1.5548,1.5647647058823528,0.01048518032608503,0.014603281306347894,-0.008236201960525727,,
2026-01-28,154338.8045700001,0,1.553,154338.8045700001,0.0,1.557,1.564,0.009339213682116654,0.013550467781501648,-0.008422508198769989,,
2026-01-29,154338.8045700001,0,1.547,154338.8045700001,0.0,1.5547999999999997,1.5624705882352943,0.007856314303712697,0.01241163708594386,-0.009110645564462325,,
2026-01-30,154338.8045700001,0,1.577,154338.8045700001,0.0,1.5577999999999999,1.5624117647058824,0.008998130297228846,0.011728935728200858,-0.005461610861944025,,
2026-02-02,154338.8045700001,0,1.539,154338.8045700001,0.0,1.5558,1.5611764705882352,0.00675883365058505,0.010734915312677697,-0.007952163324185295,,
2026-02-03,154338.8045700001,0,1.565,154338.8045700001,0.0,1.5562,1.5610588235294118,0.007001449284689265,0.009988222107080011,-0.005973545644781492,,
2026-02-04,154338.8045700001,0,1.555,154338.8045700001,0.0,1.5566,1.5589411764705883,0.006314023365144639,0.009253382358692937,-0.0058787179870965975,,
2026-02-05,154338.8045700001,0,1.53,154338.8045700001,0.0,1.5532,1.5571764705882352,0.0037091851277224475,0.00814454291249884,-0.008870715569552785,,
2026-02-06,154338.8045700001,0,1.519,154338.8045700001,0.0,1.5416,1.5541176470588236,0.0007485946553518197,0.006665353261069437,-0.011833517211435234,,
2026-02-09,154338.8045700001,0,1.568,154338.8045700001,0.0,1.5474,1.5532941176470587,0.0023293446310690413,0.005798151535069358,-0.006937613808000634,,
2026-02-10,154338.8045700001,0,1.565,154338.8045700001,0.0,1.5474,1.5522941176470588,0.003301962479496101,0.005298913723954707,-0.003993902488917211,,
2026-02-11,154338.8045700001,0,1.54,154338.8045700001,0.0,1.5444,1.5509411764705883,0.002032053813967538,0.004645541741957273,-0.00522697585597947,,
2026-02-12,77251.6853700001,49400,1.56,154315.68537000008,0.4993918785068735,1.5504000000000002,1.552470588235294,0.002609395414319815,0.004238312476429782,-0.003257834124219934,BUY_HALF,低位MACD且上穿MA5
2026-02-13,153156.7070300001,0,1.537,153156.7070300001,0.0,1.5539999999999998,1.5521764705882353,0.001197234042353168,0.0036300967896144595,-0.004865725494522583,SELL_ALL,跌破MA17清仓
2026-02-24,76685.07242000011,49100,1.557,153133.7724200001,0.49922821590474564,1.5518,1.5521176470588234,0.0016726377077083132,0.00323860497323323,-0.0031319345310498337,BUY_HALF,低位MACD且上穿MA5
2026-02-25,68.4943400001066,97700,1.576,154043.6943400001,0.999555357716565,1.5539999999999998,1.552941176470588,0.003541713084181053,0.003299226595422795,0.00048497297751651583,BUY_FULL,次日仍站上MA5
2026-02-26,68.4943400001066,97700,1.571,153555.1943400001,0.9995539431909515,1.5602,1.5542352941176472,0.0045668665776090744,0.0035527545918600514,0.002028223971498046,,
2026-02-27,151262.72246000014,0,1.548,151262.72246000014,0.0,1.5577999999999999,1.5533529411764706,0.003483247615735152,0.0035388531966350717,-0.0001112111617998391,SELL_ALL,跌破MA17清仓
2026-03-02,151262.72246000014,0,1.544,151262.72246000014,0.0,1.5592000000000001,1.5528235294117647,0.0022754749519793283,0.0032861775477039234,-0.0020214051914491903,,
2026-03-03,151262.72246000014,0,1.509,151262.72246000014,0.0,1.5496,1.5505882352941176,-0.0014887398125240647,0.002331194075658326,-0.007639867776364781,,
2026-03-04,151262.72246000014,0,1.486,151262.72246000014,0.0,1.5316,1.5452352941176473,-0.006255703063203111,0.0006138146478860385,-0.0137390354221783,,
2026-03-05,151262.72246000014,0,1.511,151262.72246000014,0.0,1.5196,1.5435882352941177,-0.007924911273128998,-0.001093930536316969,-0.013661961473624059,,
2026-03-06,75691.45788000013,49900,1.514,151240.05788000015,0.49952771150050246,1.5128,1.5405882352941176,-0.008903066864687448,-0.0026557578019910646,-0.012494618125392766,BUY_HALF,低位MACD且上穿MA5
2026-03-09,150718.54300000012,0,1.504,150718.54300000012,0.0,1.5048,1.5375882352941177,-0.010365689429416625,-0.004197744127476177,-0.012335890603880895,SELL_ALL,跌破MA17清仓
2026-03-10,75472.47595000012,48500,1.551,150695.9759500001,0.4991739130775373,1.5131999999999999,1.5388235294117647,-0.007644203525093873,-0.004887036006999716,-0.005514335036188315,BUY_HALF,低位MACD且上穿MA5
2026-03-11,7.3432000001193956,96400,1.575,151837.34320000012,0.9999516377206993,1.531,1.5421176470588236,-0.003510341878971257,-0.0046116971813940245,0.002202710604845535,BUY_FULL,次日仍站上MA5
2026-03-12,7.3432000001193956,96400,1.559,150294.94320000013,0.9999511414034047,1.5406,1.5415882352941177,-0.0015079107672915093,-0.003990939898573522,0.004966058262564025,,
2026-03-13,7.3432000001193956,96400,1.556,150005.7432000001,0.9999510472076371,1.549,1.5410588235294118,-0.00016118655423968953,-0.0032249892297067555,0.006127605350934132,,
2026-03-16,7.3432000001193956,96400,1.58,152319.34320000012,0.9999517907585087,1.5642,1.5434117647058823,0.0028103060520459078,-0.002017930173356223,0.009656472450804261,,
2026-03-17,148515.17748000013,0,1.541,148515.17748000013,0.0,1.5622,1.5422941176470586,0.0019952611589411084,-0.0012152919068967568,0.00642110613167573,SELL_ALL,跌破MA17清仓
2026-03-18,148515.17748000013,0,1.578,148515.17748000013,0.0,1.5628,1.5447058823529412,0.004285522155409893,-0.00011512909443542677,0.00880130249969064,,
2026-03-19,148515.17748000013,0,1.564,148515.17748000013,0.0,1.5638,1.5451176470588237,0.004914239207852056,0.0008907445660220699,0.008046989283659971,,
2026-03-20,148515.17748000013,0,1.59,148515.17748000013,0.0,1.5706000000000002,1.5459411764705884,0.007424895141157517,0.0021975746810491597,0.010454640920216715,,
2026-03-23,148515.17748000013,0,1.533,148515.17748000013,0.0,1.5612,1.543705882352941,0.004760310528890699,0.0027101218506174673,0.004100377356546463,,
2026-03-24,148515.17748000013,0,1.538,148515.17748000013,0.0,1.5606,1.5431176470588235,0.0030172848579819167,0.002771554452090357,0.000491460811783119,,
2026-03-25,148515.17748000013,0,1.57,148515.17748000013,0.0,1.559,1.5446470588235295,0.0041699879949281815,0.003051241160657922,0.002237493668540519,,
2026-03-26,148515.17748000013,0,1.549,148515.17748000013,0.0,1.5559999999999998,1.547,0.0033503680823372406,0.0031110665449937858,0.0004786030746869096,,
2026-03-27,148515.17748000013,0,1.555,148515.17748000013,0.0,1.549,1.5510588235294116,0.003148667374953007,0.00311858671098563,6.016132793475355e-05,,
2026-03-30,148515.17748000013,0,1.544,148515.17748000013,0.0,1.5512000000000001,1.553,0.0020772646284272778,0.00291032229447396,-0.0016661153320933642,,
2026-03-31,148515.17748000013,0,1.503,148515.17748000013,0.0,1.5442,1.5523529411764707,-0.0020564812798580245,0.0019169615796075633,-0.007946885718931176,,
2026-04-01,148515.17748000013,0,1.53,148515.17748000013,0.0,1.5361999999999998,1.5538823529411765,-0.003117889256095019,0.0009099914124670468,-0.008055761337124132,,
2026-04-02,148515.17748000013,0,1.493,148515.17748000013,0.0,1.525,1.550470588235294,-0.006865512151937647,-0.0006451093004138922,-0.01244080570304751,,
2026-04-03,148515.17748000013,0,1.485,148515.17748000013,0.0,1.5110000000000001,1.5451764705882354,-0.01036162111988359,-0.002588411664307832,-0.015546418911151518,,
2026-04-07,148515.17748000013,0,1.491,148515.17748000013,0.0,1.5004000000000002,1.5411764705882354,-0.012504024201665853,-0.0045715341717794365,-0.015864980059772833,,
2026-04-08,74314.92408000013,46800,1.585,148492.92408000014,0.49953895419310895,1.5168,1.5428823529411764,-0.0065414736338123,-0.00496552206418601,-0.003151903139252581,BUY_HALF,低位MACD且上穿MA5
2026-04-09,94.26456000012695,94000,1.572,147862.26456000013,0.9993624839963013,1.5252000000000003,1.5424117647058826,-0.002832449985108676,-0.004538907648370543,0.003412915326523734,BUY_FULL,次日仍站上MA5
2026-04-10,94.26456000012695,94000,1.636,153878.26456000013,0.999387408219935,1.5538,1.548,0.005211171961711614,-0.0025888917263541117,0.01560012737613145,,
2026-04-13,94.26456000012695,94000,1.654,155570.26456000013,0.9993940708382367,1.5876,1.552470588235294,0.012889665829314945,0.0005068197847796999,0.02476569208907049,,
2026-04-14,94.26456000012695,94000,1.698,159706.26456000013,0.9994097629153131,1.629,1.5603529411764707,0.022268660559439102,0.00485918793971158,0.03481894523945504,,
2026-04-15,94.26456000012695,94000,1.676,157638.26456000013,0.9994020198061477,1.6472000000000002,1.5654117647058823,0.027608116139343553,0.009408973579637974,0.03639828511941116,,
2026-04-16,94.26456000012695,94000,1.733,162996.26456000013,0.9994216765626219,1.6793999999999998,1.5771764705882354,0.03602383642400553,0.014731946148511487,0.04258378055098808,,
2026-04-17,94.26456000012695,94000,1.762,165722.26456000013,0.9994311895251347,1.7046,1.5903529411764707,0.044520211730518566,0.020689599264912907,0.04766122493121132,,
2026-04-20,94.26456000012695,94000,1.761,165628.26456000013,0.9994308667047225,1.7260000000000002,1.6015882352941178,0.050589791110487115,0.02666963763402775,0.04784030695291873,,
2026-04-21,94.26456000012695,94000,1.765,166004.26456000013,0.9994321557928046,1.7393999999999998,1.6142941176470589,0.055087726053647756,0.03235325531795175,0.04546894147139201,,
2026-04-22,94.26456000012695,94000,1.805,169764.26456000013,0.9994447326105735,1.7651999999999997,1.629,0.06117485199425898,0.0381175746532132,0.046114554682091566,,
2026-04-23,94.26456000012695,94000,1.794,168730.26456000013,0.9994413298631046,1.7774,1.6437058823529413,0.06436932557172637,0.04336792483691584,0.04200280146962106,,
2026-04-24,94.26456000012695,94000,1.761,165628.26456000013,0.9994308667047225,1.7772,1.6588823529411765,0.063506086060378,0.047395557081608274,0.03222105795753945,,
2026-04-27,94.26456000012695,94000,1.748,164406.26456000013,0.9994266364468993,1.7746,1.6717058823529412,0.06106900569039975,0.05013024680336657,0.021877517774066352,,
2026-04-28,94.26456000012695,94000,1.717,161492.26456000013,0.9994162905557306,1.765,1.6848823529411765,0.055990734680412046,0.05130234437877567,0.009376780603272752,,
2026-04-29,94.26456000012695,94000,1.765,166004.26456000013,0.9994321557928046,1.7570000000000001,1.7013529411764707,0.05520302110073039,0.05208247972316662,0.006241082755127539,,
2026-04-30,94.26456000012695,94000,1.759,165440.26456000013,0.9994302199633758,1.75,1.7171176470588236,0.05347813985054395,0.05236161174864209,0.002233056203803721,,
2026-05-06,94.26456000012695,94000,1.809,170140.26456000013,0.9994459597189184,1.7596,1.7302941176470588,0.05550590365908148,0.05299047013072997,0.005030867056703012,,
2026-05-07,94.26456000012695,94000,1.838,172866.26456000013,0.999454696610469,1.7776,1.745941176470588,0.05877545190042488,0.05414746648466896,0.009255970831511834,,
2026-05-08,94.26456000012695,94000,1.821,171268.26456000013,0.9994496087162307,1.7984000000000002,1.7568235294117647,0.05931113269463495,0.05518019972666216,0.008261865935945578,,
2026-05-11,94.26456000012695,94000,1.888,177566.26456000013,0.9994691302414132,1.8229999999999997,1.7705882352941176,0.0643996446252022,0.05702408870637017,0.01475111183766406,,
2026-05-12,94.26456000012695,94000,1.887,177472.26456000013,0.9994688490608161,1.8486,1.781705882352941,0.06757269933290955,0.05913381083167805,0.016877777002463,,
2026-05-13,94.26456000012695,94000,1.944,182830.26456000013,0.9994844149012911,1.8756,1.797470588235294,0.07383566015139365,0.062074180695621164,0.02352295891154496,,
2026-05-14,94.26456000012695,94000,1.906,179258.26456000013,0.9994741410655096,1.8892,1.8076470588235294,0.07486976722967698,0.06463329800243232,0.020472938454489303,,
2026-05-15,94.26456000012695,94000,1.892,177942.26456000013,0.9994702519930652,1.9034,1.8152941176470587,0.07370993924565772,0.0664486262510774,0.014522625989160626,,
2026-05-18,94.26456000012695,94000,1.887,177472.26456000013,0.9994688490608161,1.9032,1.8227058823529412,0.07156238240067792,0.06747137748099752,0.008182009839360793,,
2026-05-19,94.26456000012695,94000,1.876,176438.26456000013,0.9994657363002566,1.9009999999999998,1.8292352941176468,0.06818680501614183,0.06761446298802638,0.001144684056230888,,
2026-05-20,94.26456000012695,94000,1.884,177190.26456000013,0.9994680037290186,1.889,1.8338823529411763,0.06540324091126415,0.06717221857267394,-0.003537955322819586,,
2026-05-21,94.26456000012695,94000,1.84,173054.26456000013,0.999455289008683,1.8758,1.8365882352941174,0.058967078254607674,0.0655311905090607,-0.01312822450890605,,
2026-05-22,94.26456000012695,94000,1.896,178318.26456000013,0.99947136901409,1.8765999999999998,1.8445294117647058,0.057719747646064024,0.06396890193646138,-0.012498308580794704,,
2026-05-25,94.26456000012695,94000,1.935,181984.26456000013,0.9994820180732217,1.8861999999999999,1.8555294117647056,0.05919583052944355,0.06301428765505782,-0.007636914251228533,,
2026-05-26,94.26456000012695,94000,1.954,183770.26456000013,0.9994870521614265,1.9018000000000002,1.869470588235294,0.06119337887933396,0.06265010589991304,-0.00291345404115817,,
2026-05-27,94.26456000012695,94000,1.962,184522.26456000013,0.9994891426233853,1.9174,1.8810588235294117,0.06269922583290266,0.06265992988651096,7.859189278339174e-05,,
2026-05-28,94.26456000012695,94000,2.003,188376.26456000013,0.9994995942815815,1.95,1.8954117647058824,0.06643515463318672,0.06341497483584611,0.006040359594681216,,
2026-05-29,94.26456000012695,94000,1.965,184804.26456000013,0.9994899221604839,1.9638000000000002,1.9045882352941177,0.06557372956636476,0.06384672578194985,0.0034540075688298255,,
2026-06-01,94.26456000012695,94000,1.918,180386.26456000013,0.9994774293916998,1.9604,1.9092941176470588,0.06040225716852543,0.06315783205926497,-0.005511149781479069,,
2026-06-02,94.26456000012695,94000,1.98,186214.26456000013,0.9994937844304095,1.9655999999999998,1.9186470588235292,0.060608057914736335,0.06264787723035924,-0.004079638631245802,,
2026-06-03,94.26456000012695,94000,2.017,189692.26456000013,0.9995030658724077,1.9766,1.9262352941176473,0.06303017464849447,0.06272433671398628,0.0006116758690163926,,
2026-06-04,94.26456000012695,94000,1.997,187812.26456000013,0.9994980915638232,1.9754,1.9327058823529413,0.06261411027011698,0.06270229142521243,-0.00017636231019088622,,
2026-06-05,181177.92316000012,0,1.927,181177.92316000012,0.0,1.9678,1.9317058823529412,0.0559905372070566,0.06135994058158127,-0.01073880674904934,SELL_ALL,跌破MA17清仓
2026-06-08,181177.92316000012,0,1.852,181177.92316000012,0.0,1.9546,1.9285294117647056,0.04418015332907954,0.05792398313108093,-0.027487659604002776,,
2026-06-09,181177.92316000012,0,1.929,181177.92316000012,0.0,1.9444,1.9307058823529408,0.04056597617876645,0.05445238174061803,-0.027772811123703167,,
2026-06-10,181177.92316000012,0,1.872,181177.92316000012,0.0,1.9154,1.929823529411765,0.03272505703047224,0.05010691679858888,-0.03476371953623328,,
2026-06-11,181177.92316000012,0,1.848,181177.92316000012,0.0,1.8856000000000002,1.9281764705882356,0.024294421720208126,0.044944417782912735,-0.04129999212540922,,
2026-06-12,181177.92316000012,0,1.855,181177.92316000012,0.0,1.8712,1.9264705882352942,0.01797076816692167,0.03954968785971452,-0.043157839385585706,,
2026-06-15,181177.92316000012,0,1.957,181177.92316000012,0.0,1.8922,1.933352941176471,0.020948295802758254,0.035829409448323274,-0.02976222729113004,,
2026-06-16,181177.92316000012,0,1.986,181177.92316000012,0.0,1.9036000000000002,1.9386470588235294,0.025355779895760877,0.0337346835378108,-0.01675780728409984,,
2026-06-17,181177.92316000012,0,2.012,181177.92316000012,0.0,1.9316000000000002,1.9431764705882353,0.030594056266110448,0.03310655808347073,-0.005025003634720568,,
2026-06-18,181177.92316000012,0,2.058,181177.92316000012,0.0,1.9735999999999998,1.9492941176470586,0.03801898440508955,0.0340890433477945,0.0078598821145901,,
